Parcela,ID,Código,Nombre_común,Nombre_científico,Familia,Ht1_(m),Hc1_(m),CAP1,CAP2_(cm),CAP3_(cm),CAP4_(cm),CAP5_(cm)
1,1,1-1,Chagualo,Clusia multiflora Kunth,Clusiaceae Lindl.,10,2,33,,,,
1,2,1-2,Aji de paramo,Drimys granadensis L.f.,Winteraceae R.Br. ex Lindl.,6,2,32,,,,
1,3,1-3,Laurel amarillo,Ocotea veraguensis (Meisn.) Mez,Lauraceae Juss.,7,3,36,,,,
1,4,1-4,Chagualo,Clusia multiflora Kunth,Clusiaceae Lindl.,16,9,86,,,,
1,5,1-5,Tuno,Bellucia grossularioides (L.) Triana,Melastomataceae Juss.,10,4,47,,,,
1,6,1-6,Laurel,Nectandra Sp1.,Lauraceae Juss.,8,6,32,,,,
1,7,1-7,Tuno niguito,Miconia spicellata Bonpl. ex Naudin,Melastomataceae Juss.,4,2.5,42,,,,
1,8,1-8,Mano de oso,Oreopanax peltatus Linden,Araliaceae Juss.,9,8,41,,,,
1,9,1-9,Palma boba,Cyathea caracasana (Klotzsch) Domin,Cyatheaceae Kaulf.,3,0,50,,,,
1,10,1-10,Palma boba,Cyathea caracasana (Klotzsch) Domin,Cyatheaceae Kaulf.,2,0,52,,,,
1,11,1-11,Tuno niguito,Miconia spicellata Bonpl. ex Naudin,Melastomataceae Juss.,8,3,73,,,,
1,12,1-12,Palma boba,Cyathea caracasana (Klotzsch) Domin,Cyatheaceae Kaulf.,4,0,37,,,,
1,13,1-13,Tuno blanco,Miconia caudata (Bonpl.) DC,Melastomataceae Juss.,5,3,33,,,,
1,14,1-14,Tuno niguito,Miconia spicellata Bonpl. ex Naudin,Melastomataceae Juss.,9,5,65,,,,
1,15,1-15,Palma boba,Cyathea caracasana (Klotzsch) Domin,Cyatheaceae Kaulf.,4,0,50,,,,
1,16,1-16,Tabaquillo,Macrocarpaea macrophylla (Kunth) Gilg,Gentianaceae Juss.,8,5,54,,,,
1,17,1-17,Tuno,Bellucia grossularioides (L.) Triana,Melastomataceae Juss.,6,3,34,,,,
1,18,1-18,Tuno niguito,Miconia spicellata Bonpl. ex Naudin,Melastomataceae Juss.,6,5,32,,,,
1,19,1-19,Palma boba,Cyathea caracasana (Klotzsch) Domin,Cyatheaceae Kaulf.,3,0,51,,,,
1,20,1-20,Palma boba,Cyathea caracasana (Klotzsch) Domin,Cyatheaceae Kaulf.,2,0,43,,,,
1,21,1-21,Palma boba,Cyathea caracasana (Klotzsch) Domin,Cyatheaceae Kaulf.,3,0,42,,,,
1,22,1-22,Tuno blanco,Miconia caudata (Bonpl.) DC,Melastomataceae Juss.,6,6,74,,,,
1,23,1-23,Tuno niguito,Miconia spicellata Bonpl. ex Naudin,Melastomataceae Juss.,6,4,33,,,,
1,24,1-24,Gaque,Clusia rosea jacq,Clusiaceae Lindl.,7,4,43,,,,
1,25,1-25,Gaque,Clusia rosea jacq,Clusiaceae Lindl.,6,3,32,,,,
1,26,1-26,Tuno blanco,Miconia caudata (Bonpl.) DC,Melastomataceae Juss.,9,4,50,,,,
1,27,1-27,Tuno niguito,Miconia spicellata Bonpl. ex Naudin,Melastomataceae Juss.,6,4,41,,,,
1,28,1-28,Palma boba,Cyathea caracasana (Klotzsch) Domin,Cyatheaceae Kaulf.,2,0,35,,,,
1,29,1-29,Arrayan,Eugenia albida Bonpl.,Myrtaceae Juss.,6.5,4,41,,,,
1,30,1-30,Tuno blanco,Miconia caudata (Bonpl.) DC,Melastomataceae Juss.,5.5,4,33,,,,
1,31,1-31,Tuno rosado,Miconia Sp2.,Melastomataceae Juss.,6.5,4,48,,,,
1,32,1-32,Tuno niguito,Miconia spicellata Bonpl. ex Naudin,Melastomataceae Juss.,5,3.5,32,,,,
1,33,1-33,Tuno blanco,Miconia caudata (Bonpl.) DC,Melastomataceae Juss.,7,6.5,40,,,,
1,34,1-34,Palma de cera ,Ceroxylon sasaimae Galeano,Arecaceae Bercht. & J.Presl,11,11,64,,,,
1,35,1-35,Niguito,Miconia resima Naudin,Melastomataceae Juss.,6.5,5,54,,,,
1,36,1-36,Niguito,Miconia resima Naudin,Melastomataceae Juss.,8,4.5,63,,,,
1,37,1-37,Tabaquillo,Macrocarpaea macrophylla (Kunth) Gilg,Gentianaceae Juss.,6,4,44,,,,
2,6,2-6,Tabaquillo,Macrocarpaea macrophylla (Kunth) Gilg,Gentianaceae Juss.,4,3,32,,,,
2,2,2-2,schefflera,Schefflera actinophylla (Endl.) Harms,Araliaceae Juss.,4,3,35,,,,
2,3,2-3,Tuno negro,Miconia cundinamarcensis Wurdack,Melastomataceae Juss.,3,2,33,,,,
2,4,2-4,Palma boba,Cyathea caracasana (Klotzsch) Domin,Cyatheaceae Kaulf.,2,0,42,,,,
2,5,2-5,Tuno negro,Miconia cundinamarcensis Wurdack,Melastomataceae Juss.,8,3,33,,,,
2,1,2-1,Arrayan hoji pequeño,Myrcianthes leucoxyla (Ortega) McVaugh,Myrtaceae Juss.,7,2,43,,,,
2,7,2-7,Arenillo,Dendrobangia boliviana Rusby,Icacinaceae Miers,8,5,65,,,,
2,8,2-8,Tuno niguito,Miconia spicellata Bonpl. ex Naudin,Melastomataceae Juss.,4,3,32,,,,
2,9,2-9,Falso roble,SD1,SF1,9,6,72,,,,
2,10,2-10,Palma boba,Cyathea caracasana (Klotzsch) Domin,Cyatheaceae Kaulf.,3,0,43,,,,
2,15,2-15,Huesito,Palicourea apicata Kunth,Rubiaceae Juss.,6,3,44,,,,
2,19,2-19,Palma boba,Cyathea caracasana (Klotzsch) Domin,Cyatheaceae Kaulf.,4,0,41,,,,
2,11,2-11,Arrayan hoji pequeño,Myrcianthes leucoxyla (Ortega) McVaugh,Myrtaceae Juss.,6,4,45,,,,
2,12,2-12,Arenillo,Dendrobangia boliviana Rusby,Icacinaceae Miers,5,3,34,,,,
2,13,2-13,Arenillo,Dendrobangia boliviana Rusby,Icacinaceae Miers,4,1,32,,,,
2,14,2-14,Palma boba,Cyathea caracasana (Klotzsch) Domin,Cyatheaceae Kaulf.,5,0,41,,,,
2,16,2-16,Falso roble,SD1,SF1,7,3,63,,,,
2,27,2-27,Palma boba,Cyathea caracasana (Klotzsch) Domin,Cyatheaceae Kaulf.,3,0,55,,,,
2,25,2-25,Palma boba,Cyathea caracasana (Klotzsch) Domin,Cyatheaceae Kaulf.,2,0,55,,,,
2,28,2-28,Palma boba,Cyathea caracasana (Klotzsch) Domin,Cyatheaceae Kaulf.,3,0,35,,,,
2,42,2-42,Tuno,Bellucia grossularioides (L.) Triana,Melastomataceae Juss.,6,4,39,,,,
2,39,2-39,Palma boba,Cyathea caracasana (Klotzsch) Domin,Cyatheaceae Kaulf.,6,0,80,,,,
2,31,2-31,Falso roble,SD1,SF1,8,4,48,,,,
2,41,2-41,Palma boba,Cyathea caracasana (Klotzsch) Domin,Cyatheaceae Kaulf.,3,0,58,,,,
2,30,2-30,Palma boba,Cyathea caracasana (Klotzsch) Domin,Cyatheaceae Kaulf.,2,0,43,,,,
2,29,2-29,Tuno,Bellucia grossularioides (L.) Triana,Melastomataceae Juss.,5,2,34,,,,
2,17,2-17,Balso,Heliocarpus americanus L.,Malvaceae Juss.,8,4,37,,,,
2,18,2-18,Tabaquillo,Macrocarpaea macrophylla (Kunth) Gilg,Gentianaceae Juss.,9,4,50,,,,
2,32,2-32,Palma boba,Cyathea caracasana (Klotzsch) Domin,Cyatheaceae Kaulf.,2,0,32,,,,
2,33,2-33,Palma boba,Cyathea caracasana (Klotzsch) Domin,Cyatheaceae Kaulf.,2,0,40,,,,
2,37,2-37,Niguito,Miconia resima Naudin,Melastomataceae Juss.,9,6,32,,,,
2,36,2-36,Niguito,Miconia resima Naudin,Melastomataceae Juss.,5,3,32,,,,
2,26,2-26,Niguito,Miconia resima Naudin,Melastomataceae Juss.,5,4,51,,,,
2,24,2-24,Palma boba,Cyathea caracasana (Klotzsch) Domin,Cyatheaceae Kaulf.,4,0,50,,,,
2,21,2-21,Palma boba,Cyathea caracasana (Klotzsch) Domin,Cyatheaceae Kaulf.,2,0,43,,,,
2,22,2-22,Tuno amarillo,Miconia dolichorrhyncha Naudin,Melastomataceae Juss.,6,4,33,,,,
2,23,2-23,Falso roble,SD1,SF1,5,3,36,,,,
2,20,2-20,Tuno amarillo,Miconia dolichorrhyncha Naudin,Melastomataceae Juss.,6,4,37,,,,
2,34,2-34,Balso,Heliocarpus americanus L.,Malvaceae Juss.,9,4,61,,,,
2,35,2-35,Tuno negro,Miconia cundinamarcensis Wurdack,Melastomataceae Juss.,6,4,39,,,,
2,38,2-38,Tuno negro,Miconia cundinamarcensis Wurdack,Melastomataceae Juss.,5,2,40,,,,
2,40,2-40,Palma boba,Cyathea caracasana (Klotzsch) Domin,Cyatheaceae Kaulf.,3,0,38,,,,
3,1,3-1,Palma boba,Cyathea caracasana (Klotzsch) Domin,Cyatheaceae Kaulf.,5,0,44,,,,
3,2,3-2,Encenillo,Weinmannia pubescens Kunth,Cunoniaceae R.Br.,8,6,42,,,,
3,3,3-3,Arenillo,Dendrobangia boliviana Rusby,Icacinaceae Miers,6,5.5,43,,,,
3,4,3-4,Palma boba,Cyathea caracasana (Klotzsch) Domin,Cyatheaceae Kaulf.,6,0,52,,,,
3,5,3-5,Parecido Silvo Silvo,Hedyosmum colombianum Cuatrec.,Chloranthaceae R.Br. ex Sims,6.5,5.5,42,,,,
3,6,3-6,Arenillo,Dendrobangia boliviana Rusby,Icacinaceae Miers,5.5,3,35,,,,
3,7,3-7,Aji de paramo,Drimys granadensis L.f.,Winteraceae R.Br. ex Lindl.,6.5,5.5,42,,,,
3,8,3-8,Tuno negro,Miconia cundinamarcensis Wurdack,Melastomataceae Juss.,5,3.5,32,,,,
3,9,3-9,Tuno negro,Miconia cundinamarcensis Wurdack,Melastomataceae Juss.,6,4,51,,,,
3,10,3-10,Aji de paramo,Drimys granadensis L.f.,Winteraceae R.Br. ex Lindl.,6.5,4,39,,,,
3,11,3-11,Palma boba,Cyathea caracasana (Klotzsch) Domin,Cyatheaceae Kaulf.,3,0,43,,,,
3,12,3-12,Aji de paramo,Drimys granadensis L.f.,Winteraceae R.Br. ex Lindl.,5.5,4,37,,,,
3,13,3-13,Palma boba,Cyathea caracasana (Klotzsch) Domin,Cyatheaceae Kaulf.,4,0,32,,,,
3,14,3-14,Tuno negro,Miconia cundinamarcensis Wurdack,Melastomataceae Juss.,6.5,5.5,45,,,,
3,15,3-15,Aji de paramo,Drimys granadensis L.f.,Winteraceae R.Br. ex Lindl.,6.5,5,43,,,,
3,16,3-16,Palma boba,Cyathea caracasana (Klotzsch) Domin,Cyatheaceae Kaulf.,5,0,45,,,,
3,17,3-17,Tuno negro,Miconia cundinamarcensis Wurdack,Melastomataceae Juss.,8,5.5,46,,,,
3,18,3-18,Aji de paramo,Drimys granadensis L.f.,Winteraceae R.Br. ex Lindl.,7.5,6.5,54.5,,,,
3,19,3-19,Palma boba,Cyathea caracasana (Klotzsch) Domin,Cyatheaceae Kaulf.,3,0,44,,,,
3,20,3-20,Tuno blanco,Miconia caudata (Bonpl.) DC,Melastomataceae Juss.,6.5,5.5,38,,,,
3,21,3-21,Tuno blanco,Miconia caudata (Bonpl.) DC,Melastomataceae Juss.,6.5,4,35,,,,
3,22,3-22,Tuno blanco,Miconia caudata (Bonpl.) DC,Melastomataceae Juss.,6.5,5,39,,,,
3,23,3-23,Palma boba,Cyathea caracasana (Klotzsch) Domin,Cyatheaceae Kaulf.,3,0,38,,,,
3,24,3-24,Tuno blanco,Miconia caudata (Bonpl.) DC,Melastomataceae Juss.,5.5,4,36,,,,
3,25,3-25,Palma boba,Cyathea caracasana (Klotzsch) Domin,Cyatheaceae Kaulf.,5,0,43,,,,
3,26,3-26,Tuno blanco,Miconia caudata (Bonpl.) DC,Melastomataceae Juss.,7.5,6.5,49,,,,
3,27,3-27,Aji de paramo,Drimys granadensis L.f.,Winteraceae R.Br. ex Lindl.,7,6,39,,,,
3,28,3-28,Aji de paramo,Drimys granadensis L.f.,Winteraceae R.Br. ex Lindl.,8,4,40,,,,
3,29,3-29,Aji de paramo,Drimys granadensis L.f.,Winteraceae R.Br. ex Lindl.,6.5,4,37,,,,
3,30,3-30,Palma boba,Cyathea caracasana (Klotzsch) Domin,Cyatheaceae Kaulf.,6,0,43.5,,,,
3,31,3-31,Palma boba,Cyathea caracasana (Klotzsch) Domin,Cyatheaceae Kaulf.,6,0,45,,,,
3,32,3-32,Tuno blanco,Miconia caudata (Bonpl.) DC,Melastomataceae Juss.,5.5,3.5,37,,,,
3,33,3-33,Palma boba,Cyathea caracasana (Klotzsch) Domin,Cyatheaceae Kaulf.,4.5,0,37,,,,
3,34,3-34,Tuno blanco,Miconia caudata (Bonpl.) DC,Melastomataceae Juss.,7,4,47,,,,
3,35,3-35,Aji de paramo,Drimys granadensis L.f.,Winteraceae R.Br. ex Lindl.,4.5,3,32,,,,
3,36,3-36,Palma boba,Cyathea caracasana (Klotzsch) Domin,Cyatheaceae Kaulf.,3,0,35,,,,
3,37,3-37,Tuno blanco,Miconia caudata (Bonpl.) DC,Melastomataceae Juss.,6,4,49,,,,
3,38,3-38,Laurel,Nectandra Sp1.,Lauraceae Juss.,7,4,40,,,,
3,39,3-39,Aji de paramo,Drimys granadensis L.f.,Winteraceae R.Br. ex Lindl.,6.5,5.5,41,,,,
3,40,3-40,Amarillo,Beilschmiedia Sp.,Lauraceae Juss.,7.5,5,47,,,,
3,41,3-41,Palma boba,Cyathea caracasana (Klotzsch) Domin,Cyatheaceae Kaulf.,5,0,36,,,,
3,42,3-42,Palma boba,Cyathea caracasana (Klotzsch) Domin,Cyatheaceae Kaulf.,5,0,37,,,,
3,43,3-43,Palma boba,Cyathea caracasana (Klotzsch) Domin,Cyatheaceae Kaulf.,6,0,36,,,,
3,44,3-44,Palma boba,Cyathea caracasana (Klotzsch) Domin,Cyatheaceae Kaulf.,5,0,45,,,,
3,45,3-45,Palma boba,Cyathea caracasana (Klotzsch) Domin,Cyatheaceae Kaulf.,3,0,33,,,,
3,46,3-46,Lecythis,Lecythis ampla Miers,Lecythidaceae A.Rich.,4,2.5,33,,,,
3,47,3-47,Palma boba,Cyathea caracasana (Klotzsch) Domin,Cyatheaceae Kaulf.,3,0,34,,,,
3,48,3-48,Palma boba,Cyathea caracasana (Klotzsch) Domin,Cyatheaceae Kaulf.,4,0,38,,,,
3,49,3-49,Palma boba,Cyathea caracasana (Klotzsch) Domin,Cyatheaceae Kaulf.,2,0,32,,,,
3,50,3-50,Palma boba,Cyathea caracasana (Klotzsch) Domin,Cyatheaceae Kaulf.,2,0,33,,,,
4,1,4-1,Aji de paramo,Drimys granadensis L.f.,Winteraceae R.Br. ex Lindl.,7,4,53,,,,
4,2,4-2,Palma boba,Cyathea caracasana (Klotzsch) Domin,Cyatheaceae Kaulf.,5,0,41,,,,
4,3,4-3,Aji de paramo,Drimys granadensis L.f.,Winteraceae R.Br. ex Lindl.,5,3,37,,,,
4,4,4-4,Aji de paramo,Drimys granadensis L.f.,Winteraceae R.Br. ex Lindl.,8,5,68,,,,
4,5,4-5,Tuno rosado,Miconia Sp2.,Melastomataceae Juss.,6,4,40,,,,
4,6,4-6,Aji de paramo,Drimys granadensis L.f.,Winteraceae R.Br. ex Lindl.,7,4,43.5,,,,
4,7,4-7,Palma boba,Cyathea caracasana (Klotzsch) Domin,Cyatheaceae Kaulf.,7,0,48,,,,
4,8,4-8,Aji de paramo,Drimys granadensis L.f.,Winteraceae R.Br. ex Lindl.,6,5,53,,,,
4,9,4-9,Tuno blanco,Miconia caudata (Bonpl.) DC,Melastomataceae Juss.,6,5,38,,,,
4,10,4-10,Tuno rosado,Miconia Sp2.,Melastomataceae Juss.,8,6,56,,,,
4,11,4-11,Palma boba,Cyathea caracasana (Klotzsch) Domin,Cyatheaceae Kaulf.,3,0,49,,,,
4,12,4-12,Palma boba,Cyathea caracasana (Klotzsch) Domin,Cyatheaceae Kaulf.,4,0,32,,,,
4,13,4-13,Palma boba,Cyathea caracasana (Klotzsch) Domin,Cyatheaceae Kaulf.,4,0,40,,,,
4,14,4-14,Palma boba,Cyathea caracasana (Klotzsch) Domin,Cyatheaceae Kaulf.,3,0,37,,,,
4,15,4-15,Parecido Silvo Silvo,Hedyosmum colombianum Cuatrec.,Chloranthaceae R.Br. ex Sims,6,4,33,,,,
4,16,4-16,Tuno negro,Miconia cundinamarcensis Wurdack,Melastomataceae Juss.,6,3,36,,,,
4,17,4-17,Tuno blanco,Miconia caudata (Bonpl.) DC,Melastomataceae Juss.,6,3,39,,,,
4,18,4-18,Tuno blanco,Miconia caudata (Bonpl.) DC,Melastomataceae Juss.,6,4,36,,,,
4,19,4-19,Laurel blanco ,Ocotea acutifolia (Nees) Mez,Lauraceae Juss.,8,6,53.5,,,,
4,20,4-20,Niguito,Miconia resima Naudin,Melastomataceae Juss.,6,4,39,,,,
4,21,4-21,Tuno hoji ancho,Miconia Sp1.,Melastomataceae Juss.,6.5,3.5,37,,,,
4,22,4-22,café de monte,Psychotria Sp1.,Rubiaceae Juss.,8,6,43,,,,
4,23,4-23,schefflera,Schefflera actinophylla (Endl.) Harms,Araliaceae Juss.,9,5,41,,,,
4,24,4-24,Aji de paramo,Drimys granadensis L.f.,Winteraceae R.Br. ex Lindl.,7,4,54,,,,
4,25,4-25,Aji de paramo,Drimys granadensis L.f.,Winteraceae R.Br. ex Lindl.,8,4,37,,,,
4,26,4-26,Aji de paramo,Drimys granadensis L.f.,Winteraceae R.Br. ex Lindl.,7,6,46,,,,
4,27,4-27,Aji de paramo,Drimys granadensis L.f.,Winteraceae R.Br. ex Lindl.,7,6,42,,,,
4,28,4-28,Aji de paramo,Drimys granadensis L.f.,Winteraceae R.Br. ex Lindl.,8,5,56,,,,
4,29,4-29,Aji de paramo,Drimys granadensis L.f.,Winteraceae R.Br. ex Lindl.,6.5,3.5,36,,,,
4,30,4-30,Arenillo,Dendrobangia boliviana Rusby,Icacinaceae Miers,7,5,35,,,,
4,31,4-31,Aji de paramo,Drimys granadensis L.f.,Winteraceae R.Br. ex Lindl.,5,3,33,,,,
4,32,4-32,Tuno,Bellucia grossularioides (L.) Triana,Melastomataceae Juss.,8,5,45,,,,
4,33,4-33,Laurel anis,Nectandra Sp2.,Lauraceae Juss.,8,5,43,,,,
4,34,4-34,Tuno rosado,Miconia Sp2.,Melastomataceae Juss.,7,5,38,,,,
4,35,4-35,Cajeto,Trichanthera gigantea (Humb. & Bonpl.) Nees,Acanthaceae Juss.,6,4,37,,,,
4,36,4-36,Encenillo,Weinmannia pubescens Kunth,Cunoniaceae R.Br.,7.5,5.5,40,,,,
4,37,4-37,Palma boba,Cyathea caracasana (Klotzsch) Domin,Cyatheaceae Kaulf.,5,0,48,,,,
4,38,4-38,Parecido Silvo Silvo,Hedyosmum colombianum Cuatrec.,Chloranthaceae R.Br. ex Sims,7,5,39,,,,
4,39,4-39,Madre de agua,Anaxagorea sp.,Annonaceae Juss.,7,5,50,,,,
4,40,4-40,Tuno rosado,Miconia Sp2.,Melastomataceae Juss.,5,2,34,,,,
4,41,4-41,Chilco,Baccharis bogotensis Kunth,Asteraceae Giseke,5.5,4.5,37,,,,
4,42,4-42,Arenillo,Dendrobangia boliviana Rusby,Icacinaceae Miers,7,5,67,,,,
4,43,4-43,Tuno niguito,Miconia spicellata Bonpl. ex Naudin,Melastomataceae Juss.,5,3,35,,,,
4,44,4-44,Arenillo,Dendrobangia boliviana Rusby,Icacinaceae Miers,5,3,33,,,,
4,45,4-45,Tuno,Bellucia grossularioides (L.) Triana,Melastomataceae Juss.,8,5,44,,,,
4,46,4-46,Tuno,Bellucia grossularioides (L.) Triana,Melastomataceae Juss.,5,3,42,,,,
4,47,4-47,Tuno,Bellucia grossularioides (L.) Triana,Melastomataceae Juss.,6,4,38,,,,
4,48,4-48,Tuno,Bellucia grossularioides (L.) Triana,Melastomataceae Juss.,5,4,35,,,,
4,49,4-49,Tuno,Bellucia grossularioides (L.) Triana,Melastomataceae Juss.,8,6,62,,,,
4,50,4-50,Tuno,Bellucia grossularioides (L.) Triana,Melastomataceae Juss.,5,3,46,,,,
4,51,4-51,Lacre,Vismia baccifera (L.) Planch. & Triana,Hypericaceae Juss.,5,2,35,,,,
4,52,4-52,Tuno rosado,Miconia Sp2.,Melastomataceae Juss.,8,6,61,,,,
4,53,4-53,Falso roble,SD1,SF1,7,5,44,,,,
4,54,4-54,Palma boba,Cyathea caracasana (Klotzsch) Domin,Cyatheaceae Kaulf.,4,0,35,,,,
5,1,5-1,Tuno,Bellucia grossularioides (L.) Triana,Melastomataceae Juss.,9,8,37,,,,
5,2,5-2,Tuno blanco,Miconia caudata (Bonpl.) DC,Melastomataceae Juss.,8,6,37,,,,
5,3,5-3,Tabaquillo,Macrocarpaea macrophylla (Kunth) Gilg,Gentianaceae Juss.,9,7,48,,,,
5,4,5-4,Arrayan,Eugenia albida Bonpl.,Myrtaceae Juss.,11,8,42,,,,
5,5,5-5,Palma boba,Cyathea caracasana (Klotzsch) Domin,Cyatheaceae Kaulf.,7,0,47,,,,
5,6,5-6,Tuno blanco,Miconia caudata (Bonpl.) DC,Melastomataceae Juss.,11,9,53,,,,
5,7,5-7,Palma boba,Cyathea caracasana (Klotzsch) Domin,Cyatheaceae Kaulf.,7,0,50,,,,
5,8,5-8,Palma boba,Cyathea caracasana (Klotzsch) Domin,Cyatheaceae Kaulf.,6,0,46,,,,
5,9,5-9,Palma boba,Cyathea caracasana (Klotzsch) Domin,Cyatheaceae Kaulf.,7,0,43,,,,
5,10,5-10,Palma boba,Cyathea caracasana (Klotzsch) Domin,Cyatheaceae Kaulf.,7,0,37,,,,
5,11,5-11,Tuno blanco,Miconia caudata (Bonpl.) DC,Melastomataceae Juss.,10,8,53,,,,
5,12,5-12,Encenillo,Weinmannia pubescens Kunth,Cunoniaceae R.Br.,9,7,35,,,,
5,13,5-13,Tuno amarillo,Miconia dolichorrhyncha Naudin,Melastomataceae Juss.,9,7,32,,,,
5,14,5-14,Palma boba,Cyathea caracasana (Klotzsch) Domin,Cyatheaceae Kaulf.,6,0,46,,,,
5,15,5-15,Cenizo,Piptocoma discolor (Kunth) Pruski,Asteraceae Giseke,7,4,41,,,,
5,16,5-16,Tuno rosado,Miconia Sp2.,Melastomataceae Juss.,8,6,44,,,,
5,17,5-17,Tuno rosado,Miconia Sp2.,Melastomataceae Juss.,8,6,37,,,,
5,18,5-18,Parecido Silvo Silvo,Hedyosmum colombianum Cuatrec.,Chloranthaceae R.Br. ex Sims,9,5,37,,,,
5,19,5-19,Cariseco,Billia columbiana Planch. & Linden,Sapindaceae Juss.,8,7,51,,,,
5,20,5-20,Tuno blanco,Miconia caudata (Bonpl.) DC,Melastomataceae Juss.,10,7,54,,,,
5,21,5-21,asteraceae 1,Baccharis Sp1.,Asteraceae Giseke,9,6,32,,,,
5,22,5-22,Palma boba,Cyathea caracasana (Klotzsch) Domin,Cyatheaceae Kaulf.,7,0,47,,,,
5,23,5-23,Laurel amarillo,Ocotea veraguensis (Meisn.) Mez,Lauraceae Juss.,10,8,34,,,,
5,24,5-24,Palma boba,Cyathea caracasana (Klotzsch) Domin,Cyatheaceae Kaulf.,6,0,36,,,,
5,25,5-25,Yolombo,Panopsis yolombo (Posada-Ar.) Killip,Proteaceae Juss.,10,8,32,,,,
5,26,5-26,Arenillo,Dendrobangia boliviana Rusby,Icacinaceae Miers,9,7,32,,,,
5,27,5-27,Balso,Heliocarpus americanus L.,Malvaceae Juss.,7,5,39,,,,
5,28,5-28,Tuno hoji ancho,Miconia Sp1.,Melastomataceae Juss.,7.5,5,46,,,,
5,29,5-29,Aguacatillo,Persea caerulea (Ruiz & Pav.) Mez,Lauraceae Juss.,8,3,34,,,,
5,30,5-30,Balso,Heliocarpus americanus L.,Malvaceae Juss.,8,6,48,,,,
5,31,5-31,Palma boba,Cyathea caracasana (Klotzsch) Domin,Cyatheaceae Kaulf.,6,0,55,,,,
5,32,5-32,Tuno blanco,Miconia caudata (Bonpl.) DC,Melastomataceae Juss.,8,3,39,,,,
5,33,5-33,Tuno blanco,Miconia caudata (Bonpl.) DC,Melastomataceae Juss.,9,7,34,,,,
5,34,5-34,Silvo Silvo ,Hedyosmum bonplandianum Kunth.,Chloranthaceae R.Br. ex Sims,8,6,51,,,,
5,35,5-35,Tuno blanco,Miconia caudata (Bonpl.) DC,Melastomataceae Juss.,11,9,34,,,,
5,36,5-36,Silvo Silvo ,Hedyosmum bonplandianum Kunth.,Chloranthaceae R.Br. ex Sims,11,8,40,,,,
5,37,5-37,Silvo Silvo ,Hedyosmum bonplandianum Kunth.,Chloranthaceae R.Br. ex Sims,9,7,40,,,,
5,38,5-38,Tuno,Bellucia grossularioides (L.) Triana,Melastomataceae Juss.,12,10,37,,,,
5,39,5-39,Silvo Silvo ,Hedyosmum bonplandianum Kunth.,Chloranthaceae R.Br. ex Sims,11,10,51,28,39,,
5,40,5-40,Laurel,Nectandra Sp1.,Lauraceae Juss.,10,8,51,,,,
5,41,5-41,Silvo Silvo ,Hedyosmum bonplandianum Kunth.,Chloranthaceae R.Br. ex Sims,10,5,54,,,,
5,42,5-42,Tuno blanco,Miconia caudata (Bonpl.) DC,Melastomataceae Juss.,9,7,42,,,,
5,43,5-43,Tuno amarillo,Miconia dolichorrhyncha Naudin,Melastomataceae Juss.,9,5,49,,,,
5,44,5-44,Palma boba,Cyathea caracasana (Klotzsch) Domin,Cyatheaceae Kaulf.,5,0,52,,,,
5,45,5-45,Tuno blanco,Miconia caudata (Bonpl.) DC,Melastomataceae Juss.,8,6,38,,,,
5,46,5-46,Tuno blanco,Miconia caudata (Bonpl.) DC,Melastomataceae Juss.,7,6,36,,,,
5,47,5-47,Chuhuaca,Hieronyma macrocarpa Müll.Arg.,Phyllanthaceae Martinov,8,6,55,,,,
5,48,5-48,Palma boba,Cyathea caracasana (Klotzsch) Domin,Cyatheaceae Kaulf.,5,0,44,,,,
5,49,5-49,Tuno blanco,Miconia caudata (Bonpl.) DC,Melastomataceae Juss.,11,7,44,,,,
5,50,5-50,Tuno amarillo,Miconia dolichorrhyncha Naudin,Melastomataceae Juss.,11,7,46,,,,
5,51,5-51,Niguito,Miconia resima Naudin,Melastomataceae Juss.,9,8,41,,,,
5,52,5-52,Palma boba,Cyathea caracasana (Klotzsch) Domin,Cyatheaceae Kaulf.,4,0,44,,,,
6,1,6-1,Tuno niguito,Miconia spicellata Bonpl. ex Naudin,Melastomataceae Juss.,6,4,37,,,,
6,2,6-2,Gaque,Clusia rosea jacq,Clusiaceae Lindl.,8.5,5,100,69,44,,
6,3,6-3,Gaque,Clusia rosea jacq,Clusiaceae Lindl.,15,13,83,93,,,
6,4,6-4,Arenillo,Dendrobangia boliviana Rusby,Icacinaceae Miers,11,9,72,,,,
6,5,6-5,Palma boba,Cyathea caracasana (Klotzsch) Domin,Cyatheaceae Kaulf.,5.2,0,41,,,,
6,6,6-6,Falso roble,SD1,SF1,6,3,44.5,,,,
6,7,6-7,Palma boba,Cyathea caracasana (Klotzsch) Domin,Cyatheaceae Kaulf.,5,0,63,,,,
6,8,6-8,Tuno amarillo,Miconia dolichorrhyncha Naudin,Melastomataceae Juss.,8,6,35,,,,
6,9,6-9,Tuno,Bellucia grossularioides (L.) Triana,Melastomataceae Juss.,10.2,6,45,,,,
6,10,6-10,Quina,Cinchona officinalis L.,Rubiaceae Juss.,12,5,84,,,,
6,11,6-11,Gaque,Clusia rosea jacq,Clusiaceae Lindl.,8,3,68,30,,,
6,12,6-12,café de monte,Psychotria Sp1.,Rubiaceae Juss.,14,9,101,,,,
6,13,6-13,café de monte,Psychotria Sp1.,Rubiaceae Juss.,12,5,81,,,,
6,14,6-14,Gaque,Clusia rosea jacq,Clusiaceae Lindl.,8,2,32,,,,
6,15,6-15,Guacharaco,Cupania americana L.,Sapindaceae Juss.,9,5,46,,,,
6,16,6-16,Arenillo,Dendrobangia boliviana Rusby,Icacinaceae Miers,18,10,81,,,,
6,17,6-17,Tuno blanco,Miconia caudata (Bonpl.) DC,Melastomataceae Juss.,6,1,45,46,,,
6,18,6-18,Palma boba,Cyathea caracasana (Klotzsch) Domin,Cyatheaceae Kaulf.,2,0,33,,,,
6,19,6-19,Palma boba,Cyathea caracasana (Klotzsch) Domin,Cyatheaceae Kaulf.,6,0,69,,,,
7,1,7-1,Pomarroso,Syzygium jambos (L.) Alston,Myrtaceae Juss.,9,7,44,,,,
7,2,7-2,Aji de paramo,Drimys granadensis L.f.,Winteraceae R.Br. ex Lindl.,12,9,61,,,,
7,3,7-3,schefflera,Schefflera actinophylla (Endl.) Harms,Araliaceae Juss.,15,13,49,,,,
7,4,7-4,Tuno niguito,Miconia spicellata Bonpl. ex Naudin,Melastomataceae Juss.,12,6,60,,,,
7,5,7-5,Tuno niguito,Miconia spicellata Bonpl. ex Naudin,Melastomataceae Juss.,11,2,103,,,,
7,6,7-6,Aji de paramo,Drimys granadensis L.f.,Winteraceae R.Br. ex Lindl.,9,6,37,,,,
7,7,7-7,Cucharo,Myrsine sp1.,Primulaceae Batsch ex Borkh.,6,4,36,,,,
7,8,7-8,Niguito,Miconia resima Naudin,Melastomataceae Juss.,10,6,44,,,,
7,9,7-9,Tuno niguito,Miconia spicellata Bonpl. ex Naudin,Melastomataceae Juss.,7,4,32,,,,
7,10,7-10,Cedrillo,Ruagea pubescens H. Karst.,Meliaceae Juss.,5,2,36,,,,
7,11,7-11,Anon 2,Annona sp2,Annonaceae Juss.,10,8,45,,,,
7,12,7-12,Falso roble,SD1,SF1,13,9,44,,,,
7,13,7-13,Palma boba,Cyathea caracasana (Klotzsch) Domin,Cyatheaceae Kaulf.,4,0,53,,,,
7,14,7-14,Chuhuaca,Hieronyma macrocarpa Müll.Arg.,Phyllanthaceae Martinov,12,8,73,,,,
7,15,7-15,Tuno niguito,Miconia spicellata Bonpl. ex Naudin,Melastomataceae Juss.,9,6,44,42,39,,
7,16,7-16,Niguito,Miconia resima Naudin,Melastomataceae Juss.,8,6,36,,,,
7,17,7-17,Borrachero,Brugmansia aurea Lageth,Solanaceae Adans.,7,5,32,,,,
7,18,7-18,Falso roble,SD1,SF1,9,3,46,,,,
7,19,7-19,Gaque,Clusia rosea jacq,Clusiaceae Lindl.,6,2,33,,,,
7,20,7-20,Arenillo,Dendrobangia boliviana Rusby,Icacinaceae Miers,12,4,51,,,,
7,21,7-21,Tuno niguito,Miconia spicellata Bonpl. ex Naudin,Melastomataceae Juss.,13,6,56,,,,
7,22,7-22,Tuno,Bellucia grossularioides (L.) Triana,Melastomataceae Juss.,14,6,32,,,,
7,23,7-23,Cajeto,Trichanthera gigantea (Humb. & Bonpl.) Nees,Acanthaceae Juss.,6,3,32,,,,
7,24,7-24,Huesito,Palicourea apicata Kunth,Rubiaceae Juss.,8,4,40,,,,
7,25,7-25,Zapato,Eschweilera antioquensis Dugand & Daniel,Lecythidaceae A.Rich.,13,6,66,,,,
7,26,7-26,Niguito,Miconia resima Naudin,Melastomataceae Juss.,13,6,45,,,,
7,27,7-27,Tuno niguito,Miconia spicellata Bonpl. ex Naudin,Melastomataceae Juss.,10,8,47,,,,
7,28,7-28,Tuno niguito,Miconia spicellata Bonpl. ex Naudin,Melastomataceae Juss.,9,6,37,,,,
7,29,7-29,Tuno niguito,Miconia spicellata Bonpl. ex Naudin,Melastomataceae Juss.,7,5,36,,,,
7,30,7-30,Tuno blanco,Miconia caudata (Bonpl.) DC,Melastomataceae Juss.,8,4,34,,,,
7,31,7-31,Tuno niguito,Miconia spicellata Bonpl. ex Naudin,Melastomataceae Juss.,9,4,33,,,,
7,32,7-32,Tuno niguito,Miconia spicellata Bonpl. ex Naudin,Melastomataceae Juss.,8,3,39,,,,
7,33,7-33,Tuno niguito,Miconia spicellata Bonpl. ex Naudin,Melastomataceae Juss.,7,4,32,,,,
7,34,7-34,Tuno niguito,Miconia spicellata Bonpl. ex Naudin,Melastomataceae Juss.,9,6,48,,,,
7,35,7-35,Aji de paramo,Drimys granadensis L.f.,Winteraceae R.Br. ex Lindl.,8,1,51,33,52,,
7,36,7-36,Tuno niguito,Miconia spicellata Bonpl. ex Naudin,Melastomataceae Juss.,9,3,43,,,,
7,37,7-37,Tuno niguito,Miconia spicellata Bonpl. ex Naudin,Melastomataceae Juss.,7,5,40,,,,
7,38,7-38,Tuno niguito,Miconia spicellata Bonpl. ex Naudin,Melastomataceae Juss.,8,4,37,,,,
7,39,7-39,Laurel,Nectandra Sp1.,Lauraceae Juss.,8,3,36,,,,
7,40,7-40,Tuno niguito,Miconia spicellata Bonpl. ex Naudin,Melastomataceae Juss.,9,5,44,,,,
7,41,7-41,Falso roble,SD1,SF1,6,3,35,,,,
7,42,7-42,Aji de paramo,Drimys granadensis L.f.,Winteraceae R.Br. ex Lindl.,9,7,42,,,,
7,43,7-43,Tuno niguito,Miconia spicellata Bonpl. ex Naudin,Melastomataceae Juss.,12,6,42,,,,
7,44,7-44,Tuno niguito,Miconia spicellata Bonpl. ex Naudin,Melastomataceae Juss.,13,7,35,,,,
7,45,7-45,Aji de paramo,Drimys granadensis L.f.,Winteraceae R.Br. ex Lindl.,11,8,84,,,,
7,46,7-46,Aji de paramo,Drimys granadensis L.f.,Winteraceae R.Br. ex Lindl.,11,9,37,,,,
8,1,8-1,Tuno niguito,Miconia spicellata Bonpl. ex Naudin,Melastomataceae Juss.,8,2,64,,,,
8,2,8-2,Cedrillo,Ruagea pubescens H. Karst.,Meliaceae Juss.,9,2,46,,,,
8,3,8-3,Falso roble,SD1,SF1,5,3,33,,,,
8,4,8-4,Niguito,Miconia resima Naudin,Melastomataceae Juss.,6,4,35,,,,
8,5,8-5,Cajeto,Trichanthera gigantea (Humb. & Bonpl.) Nees,Acanthaceae Juss.,15,1,113,61,,,
8,6,8-6,Niguito,Miconia resima Naudin,Melastomataceae Juss.,9,6,40,,,,
8,7,8-7,Palma boba,Cyathea caracasana (Klotzsch) Domin,Cyatheaceae Kaulf.,6,0,44,,,,
8,8,8-8,Yolombo,Panopsis yolombo (Posada-Ar.) Killip,Proteaceae Juss.,9,7,45,,,,
8,9,8-9,Aguacatillo,Persea caerulea (Ruiz & Pav.) Mez,Lauraceae Juss.,11,8,39,,,,
8,10,8-10,Tuno niguito,Miconia spicellata Bonpl. ex Naudin,Melastomataceae Juss.,13,7,39,,,,
8,11,8-11,Tuno niguito,Miconia spicellata Bonpl. ex Naudin,Melastomataceae Juss.,14,6,54,,,,
8,12,8-12,schefflera,Schefflera actinophylla (Endl.) Harms,Araliaceae Juss.,15,9,82,,,,
8,13,8-13,Tuno niguito,Miconia spicellata Bonpl. ex Naudin,Melastomataceae Juss.,13,7,42,,,,
8,14,8-14,Tuno niguito,Miconia spicellata Bonpl. ex Naudin,Melastomataceae Juss.,13,6,38,,,,
8,15,8-15,Palma boba,Cyathea caracasana (Klotzsch) Domin,Cyatheaceae Kaulf.,13,0,58,,,,
8,16,8-16,Tuno rosado,Miconia Sp2.,Melastomataceae Juss.,13,4,44,,,,
8,17,8-17,Niguito,Miconia resima Naudin,Melastomataceae Juss.,9,6,78,,,,
8,18,8-18,Niguito,Miconia resima Naudin,Melastomataceae Juss.,7,7,34,,,,
8,19,8-19,Niguito,Miconia resima Naudin,Melastomataceae Juss.,12,8,33,,,,
8,20,8-20,Tuno niguito,Miconia spicellata Bonpl. ex Naudin,Melastomataceae Juss.,14,10,53,,,,
8,21,8-21,schefflera,Schefflera actinophylla (Endl.) Harms,Araliaceae Juss.,13,11,44,,,,
8,22,8-22,schefflera,Schefflera actinophylla (Endl.) Harms,Araliaceae Juss.,12,9,47,44,,,
8,23,8-23,Tuno niguito,Miconia spicellata Bonpl. ex Naudin,Melastomataceae Juss.,11,8,32,,,,
8,24,8-24,Aji de paramo,Drimys granadensis L.f.,Winteraceae R.Br. ex Lindl.,13,8,61,,,,
8,25,8-25,Aji de paramo,Drimys granadensis L.f.,Winteraceae R.Br. ex Lindl.,10,7,71,,,,
8,26,8-26,Aji de paramo,Drimys granadensis L.f.,Winteraceae R.Br. ex Lindl.,9,6,38,,,,
8,27,8-27,Aji de paramo,Drimys granadensis L.f.,Winteraceae R.Br. ex Lindl.,10,6,32,,,,
8,28,8-28,Niguito,Miconia resima Naudin,Melastomataceae Juss.,10,6,39,,,,
8,29,8-29,Lacre,Vismia baccifera (L.) Planch. & Triana,Hypericaceae Juss.,10,7,38,,,,
8,30,8-30,Tuno esmeralda,Miconia squamulosa Triana,Melastomataceae Juss.,10,8,57,,,,
8,31,8-31,Tuno niguito,Miconia spicellata Bonpl. ex Naudin,Melastomataceae Juss.,9,5,35,,,,
8,32,8-32,Tuno niguito,Miconia spicellata Bonpl. ex Naudin,Melastomataceae Juss.,9,5,44,,,,
9,1,9-1,Tuno niguito,Miconia spicellata Bonpl. ex Naudin,Melastomataceae Juss.,6,5,47,,,,
9,2,9-2,Palma boba,Cyathea caracasana (Klotzsch) Domin,Cyatheaceae Kaulf.,9,0,39,,,,
9,3,9-3,Tuno niguito,Miconia spicellata Bonpl. ex Naudin,Melastomataceae Juss.,7,5,45,,,,
9,4,9-4,Tuno niguito,Miconia spicellata Bonpl. ex Naudin,Melastomataceae Juss.,9,7,37,,,,
9,5,9-5,Palma boba,Cyathea caracasana (Klotzsch) Domin,Cyatheaceae Kaulf.,8,0,40,,,,
9,6,9-6,Palma boba,Cyathea caracasana (Klotzsch) Domin,Cyatheaceae Kaulf.,3.8,0,41,,,,
9,7,9-7,Palma boba,Cyathea caracasana (Klotzsch) Domin,Cyatheaceae Kaulf.,3.3,0,37,,,,
9,8,9-8,Palma boba,Cyathea caracasana (Klotzsch) Domin,Cyatheaceae Kaulf.,2.5,0,38,,,,
9,9,9-9,Tuno niguito,Miconia spicellata Bonpl. ex Naudin,Melastomataceae Juss.,8,6,35.5,,,,
9,10,9-10,Tuno niguito,Miconia spicellata Bonpl. ex Naudin,Melastomataceae Juss.,9.5,7,36,,,,
9,11,9-11,Niguito,Miconia resima Naudin,Melastomataceae Juss.,7,6,46,,,,
9,12,9-12,Palma boba,Cyathea caracasana (Klotzsch) Domin,Cyatheaceae Kaulf.,3.4,0,32,,,,
9,13,9-13,Palma boba,Cyathea caracasana (Klotzsch) Domin,Cyatheaceae Kaulf.,3.1,0,35,,,,
9,14,9-14,Palma boba,Cyathea caracasana (Klotzsch) Domin,Cyatheaceae Kaulf.,2.5,0,56,,,,
9,15,9-15,Tuno niguito,Miconia spicellata Bonpl. ex Naudin,Melastomataceae Juss.,8,6,34,,,,
9,16,9-16,Palma boba,Cyathea caracasana (Klotzsch) Domin,Cyatheaceae Kaulf.,3.5,0,34.9,,,,
9,17,9-17,Palma boba,Cyathea caracasana (Klotzsch) Domin,Cyatheaceae Kaulf.,2,0,33,,,,
9,18,9-18,Tuno rosado,Miconia Sp2.,Melastomataceae Juss.,10.9,7,40,,,,
9,19,9-19,Tuno niguito,Miconia spicellata Bonpl. ex Naudin,Melastomataceae Juss.,9.5,8,34,,,,
9,20,9-20,Tuno niguito,Miconia spicellata Bonpl. ex Naudin,Melastomataceae Juss.,10,7,36,,,,
9,21,9-21,Palma boba,Cyathea caracasana (Klotzsch) Domin,Cyatheaceae Kaulf.,2.3,0,60,,,,
9,22,9-22,Palma boba,Cyathea caracasana (Klotzsch) Domin,Cyatheaceae Kaulf.,3.8,0,47,,,,
9,23,9-23,Arrayan,Eugenia albida Bonpl.,Myrtaceae Juss.,9,8,62,,,,
9,24,9-24,Tuno niguito,Miconia spicellata Bonpl. ex Naudin,Melastomataceae Juss.,8,6,42,,,,
9,25,9-25,Palma boba,Cyathea caracasana (Klotzsch) Domin,Cyatheaceae Kaulf.,4,0,67,,,,
9,26,9-26,Niguito,Miconia resima Naudin,Melastomataceae Juss.,5,3,31.5,,,,
9,27,9-27,Palma boba,Cyathea caracasana (Klotzsch) Domin,Cyatheaceae Kaulf.,3,0,40,,,,
9,28,9-28,Palma boba,Cyathea caracasana (Klotzsch) Domin,Cyatheaceae Kaulf.,6.2,0,46,,,,
9,29,9-29,Niguito,Miconia resima Naudin,Melastomataceae Juss.,8,6,34,,,,
9,30,9-30,Palma boba,Cyathea caracasana (Klotzsch) Domin,Cyatheaceae Kaulf.,3,0,40,,,,
9,31,9-31,Palma boba,Cyathea caracasana (Klotzsch) Domin,Cyatheaceae Kaulf.,3.5,0,34.2,,,,
10,1,10-1,Palma boba,Cyathea caracasana (Klotzsch) Domin,Cyatheaceae Kaulf.,7,0,53,,,,
10,2,10-2,Palma boba,Cyathea caracasana (Klotzsch) Domin,Cyatheaceae Kaulf.,6,0,40,,,,
10,3,10-3,Laurel,Nectandra Sp1.,Lauraceae Juss.,8,5,34,,,,
10,4,10-4,Arenillo,Dendrobangia boliviana Rusby,Icacinaceae Miers,12,7,38,,,,
10,5,10-5,Tuno hoji ancho,Miconia Sp1.,Melastomataceae Juss.,14,8,37,34,32,,
10,6,10-6,Palma boba,Cyathea caracasana (Klotzsch) Domin,Cyatheaceae Kaulf.,9,0,37,,,,
10,7,10-7,Tuno rosado,Miconia Sp2.,Melastomataceae Juss.,9,7,33,,,,
10,8,10-8,Palma boba,Cyathea caracasana (Klotzsch) Domin,Cyatheaceae Kaulf.,4,0,72,,,,
10,9,10-9,Tuno blanco,Miconia caudata (Bonpl.) DC,Melastomataceae Juss.,13,9,41,,,,
10,10,10-10,Palma boba,Cyathea caracasana (Klotzsch) Domin,Cyatheaceae Kaulf.,4,0,51,,,,
10,11,10-11,Palma boba,Cyathea caracasana (Klotzsch) Domin,Cyatheaceae Kaulf.,4,0,33,,,,
10,12,10-12,Niguito,Miconia resima Naudin,Melastomataceae Juss.,8,6,35,,,,
10,13,10-13,Niguito,Miconia resima Naudin,Melastomataceae Juss.,8,6,35,,,,
10,14,10-14,Palma boba,Cyathea caracasana (Klotzsch) Domin,Cyatheaceae Kaulf.,4.6,0,40,,,,
10,15,10-15,Palma boba,Cyathea caracasana (Klotzsch) Domin,Cyatheaceae Kaulf.,2.7,0,31.5,,,,
10,16,10-16,Palma boba,Cyathea caracasana (Klotzsch) Domin,Cyatheaceae Kaulf.,2,0,37,,,,
10,17,10-17,Palma boba,Cyathea caracasana (Klotzsch) Domin,Cyatheaceae Kaulf.,2.3,0,31.5,,,,
10,18,10-18,Palma boba,Cyathea caracasana (Klotzsch) Domin,Cyatheaceae Kaulf.,3,0,41,,,,
10,19,10-19,Palma boba,Cyathea caracasana (Klotzsch) Domin,Cyatheaceae Kaulf.,5,0,43,,,,
10,20,10-20,Palma boba,Cyathea caracasana (Klotzsch) Domin,Cyatheaceae Kaulf.,4.5,0,35,,,,
10,21,10-21,Palma boba,Cyathea caracasana (Klotzsch) Domin,Cyatheaceae Kaulf.,3.8,0,42,,,,
10,22,10-22,Palma boba,Cyathea caracasana (Klotzsch) Domin,Cyatheaceae Kaulf.,4,0,34,,,,
10,23,10-23,Palma boba,Cyathea caracasana (Klotzsch) Domin,Cyatheaceae Kaulf.,3.5,0,33,,,,
10,24,10-24,Palma boba,Cyathea caracasana (Klotzsch) Domin,Cyatheaceae Kaulf.,5.2,0,38,,,,
10,25,10-25,Niguito,Miconia resima Naudin,Melastomataceae Juss.,7.6,6,37,,,,
10,26,10-26,Palma boba,Cyathea caracasana (Klotzsch) Domin,Cyatheaceae Kaulf.,2.9,0,35,,,,
10,27,10-27,Palma boba,Cyathea caracasana (Klotzsch) Domin,Cyatheaceae Kaulf.,4.8,0,34,,,,
10,28,10-28,Palma boba,Cyathea caracasana (Klotzsch) Domin,Cyatheaceae Kaulf.,4.8,0,49,,,,
10,29,10-29,Palma boba,Cyathea caracasana (Klotzsch) Domin,Cyatheaceae Kaulf.,2,0,31.5,,,,
10,30,10-30,Palma boba,Cyathea caracasana (Klotzsch) Domin,Cyatheaceae Kaulf.,3.7,0,44,,,,
10,31,10-31,Palma boba,Cyathea caracasana (Klotzsch) Domin,Cyatheaceae Kaulf.,3.7,0,44,,,,
10,32,10-32,Palma boba,Cyathea caracasana (Klotzsch) Domin,Cyatheaceae Kaulf.,2.8,0,51,,,,
10,33,10-33,Palma boba,Cyathea caracasana (Klotzsch) Domin,Cyatheaceae Kaulf.,4,0,49.8,,,,
10,34,10-34,Palma boba,Cyathea caracasana (Klotzsch) Domin,Cyatheaceae Kaulf.,3.3,0,42,,,,
10,35,10-35,Palma boba,Cyathea caracasana (Klotzsch) Domin,Cyatheaceae Kaulf.,2.6,0,31.5,,,,
10,36,10-36,Palma boba,Cyathea caracasana (Klotzsch) Domin,Cyatheaceae Kaulf.,3.2,0,44,,,,
10,37,10-37,Palma boba,Cyathea caracasana (Klotzsch) Domin,Cyatheaceae Kaulf.,2.8,0,37.5,,,,
10,38,10-38,Palma boba,Cyathea caracasana (Klotzsch) Domin,Cyatheaceae Kaulf.,3.1,0,42,,,,
10,39,10-39,Palma boba,Cyathea caracasana (Klotzsch) Domin,Cyatheaceae Kaulf.,3.8,0,39,,,,
10,40,10-40,Palma boba,Cyathea caracasana (Klotzsch) Domin,Cyatheaceae Kaulf.,4.2,0,48,,,,
10,41,10-41,Palma boba,Cyathea caracasana (Klotzsch) Domin,Cyatheaceae Kaulf.,5.3,0,54.3,,,,
10,42,10-42,Laurel anis,Nectandra Sp2.,Lauraceae Juss.,16,13,112,,,,
11,1,11-1,Niguito,Miconia resima Naudin,Melastomataceae Juss.,5,4,41,,,,
11,2,11-2,Tuno,Bellucia grossularioides (L.) Triana,Melastomataceae Juss.,4,3,32,,,,
11,3,11-3,Niguito,Miconia resima Naudin,Melastomataceae Juss.,6,4,32,,,,
11,4,11-4,Amarillo,Beilschmiedia Sp.,Lauraceae Juss.,6,4,35,,,,
11,5,11-5,Tuno blanco,Miconia caudata (Bonpl.) DC,Melastomataceae Juss.,5,4,32,,,,
11,6,11-6,Palma boba,Cyathea caracasana (Klotzsch) Domin,Cyatheaceae Kaulf.,2,0,52,,,,
11,7,11-7,Niguito,Miconia resima Naudin,Melastomataceae Juss.,5,3,32,,,,
11,8,11-8,Tuno amarillo,Miconia dolichorrhyncha Naudin,Melastomataceae Juss.,6,5,40,,,,
11,9,11-9,Tuno blanco,Miconia caudata (Bonpl.) DC,Melastomataceae Juss.,6,4,42,,,,
11,10,11-10,Aji de paramo,Drimys granadensis L.f.,Winteraceae R.Br. ex Lindl.,6,4,46,,,,
11,11,11-11,Tuno niguito,Miconia spicellata Bonpl. ex Naudin,Melastomataceae Juss.,5,3,32,,,,
11,12,11-12,Falso roble,SD1,SF1,7,6,34,,,,
11,13,11-13,Tuno,Bellucia grossularioides (L.) Triana,Melastomataceae Juss.,6,5,40,,,,
11,14,11-14,Niguito,Miconia resima Naudin,Melastomataceae Juss.,5,2,32,,,,
11,15,11-15,Tuno blanco,Miconia caudata (Bonpl.) DC,Melastomataceae Juss.,9,5,55,,,,
11,16,11-16,Aguacatillo,Persea caerulea (Ruiz & Pav.) Mez,Lauraceae Juss.,5,3,35,,,,
11,17,11-17,Tuno blanco,Miconia caudata (Bonpl.) DC,Melastomataceae Juss.,6,4,35,,,,
11,18,11-18,Aguacatillo,Persea caerulea (Ruiz & Pav.) Mez,Lauraceae Juss.,4,3,32,,,,
11,19,11-19,Tuno blanco,Miconia caudata (Bonpl.) DC,Melastomataceae Juss.,5,3,34,,,,
11,20,11-20,Tuno amarillo,Miconia dolichorrhyncha Naudin,Melastomataceae Juss.,5,4,35,,,,
11,21,11-21,Arenillo,Dendrobangia boliviana Rusby,Icacinaceae Miers,10,8,38,,,,
11,22,11-22,Encenillo,Weinmannia pubescens Kunth,Cunoniaceae R.Br.,9,7,44,,,,
11,23,11-23,Aguacatillo,Persea caerulea (Ruiz & Pav.) Mez,Lauraceae Juss.,10,8,41,,,,
11,24,11-24,Aji de paramo,Drimys granadensis L.f.,Winteraceae R.Br. ex Lindl.,11,7,38,20,,,
11,25,11-25,guacharaco,Cupania americana L.,Sapindaceae Juss.,10,8,50,,,,
11,26,11-26,schefflera,Schefflera actinophylla (Endl.) Harms,Araliaceae Juss.,9,6,48,,,,
11,27,11-27,Tuno blanco,Miconia caudata (Bonpl.) DC,Melastomataceae Juss.,9,7,47,,,,
11,28,11-28,Palma boba,Cyathea caracasana (Klotzsch) Domin,Cyatheaceae Kaulf.,7,0,40,,,,
11,29,11-29,Palma boba,Cyathea caracasana (Klotzsch) Domin,Cyatheaceae Kaulf.,8,0,51,,,,
11,30,11-30,Palma boba,Cyathea caracasana (Klotzsch) Domin,Cyatheaceae Kaulf.,7,0,49,,,,
11,31,11-31,Tuno negro,Miconia cundinamarcensis Wurdack,Melastomataceae Juss.,8,7,54,,,,
11,32,11-32,guacharaco,Cupania americana L.,Sapindaceae Juss.,12,7,69,,,,
11,33,11-33,guacharaco,Cupania americana L.,Sapindaceae Juss.,11,7,37,28,,,
11,34,11-34,Palma boba,Cyathea caracasana (Klotzsch) Domin,Cyatheaceae Kaulf.,6,0,58,,,,
11,35,11-35,Yarumo plateado,Cecropia telenitida Cuatrec.,Urticaceae Juss.,11,8,34,,,,
11,36,11-36,Palma boba,Cyathea caracasana (Klotzsch) Domin,Cyatheaceae Kaulf.,2,0,48,,,,
11,37,11-37,Tuno negro,Miconia cundinamarcensis Wurdack,Melastomataceae Juss.,9,8,38,,,,
11,38,11-38,Tuno blanco,Miconia caudata (Bonpl.) DC,Melastomataceae Juss.,9,7,38,,,,
11,39,11-39,Lecythis,Lecythis ampla Miers,Lecythidaceae A.Rich.,11,9,42,,,,
11,40,11-40,Tuno blanco,Miconia caudata (Bonpl.) DC,Melastomataceae Juss.,12,9,37,,,,
11,41,11-41,Palma boba,Cyathea caracasana (Klotzsch) Domin,Cyatheaceae Kaulf.,5,0,37,,,,
11,42,11-42,Laurel amarillo,Ocotea veraguensis (Meisn.) Mez,Lauraceae Juss.,10,7,34,,,,
11,43,11-43,Cariseco,Billia columbiana Planch. & Linden,Sapindaceae Juss.,11,7,45,,,,
11,44,11-44,Tuno negro,Miconia cundinamarcensis Wurdack,Melastomataceae Juss.,9,8,34,,,,
11,45,11-45,Tuno negro,Miconia cundinamarcensis Wurdack,Melastomataceae Juss.,10,9,35,,,,
11,46,11-46,Siete cueros ,Tibouchina lepidota (Bonpl.) Baill.,Melastomataceae Juss.,9,7,32,,,,
11,47,11-47,Tuno blanco,Miconia caudata (Bonpl.) DC,Melastomataceae Juss.,11,9,39,,,,
11,48,11-48,Chuhuaca,Hieronyma macrocarpa Müll.Arg.,Phyllanthaceae Martinov,9,6,34,,,,
11,49,11-49,Palma boba,Cyathea caracasana (Klotzsch) Domin,Cyatheaceae Kaulf.,3,0,32,,,,
11,50,11-50,Anon 2,Annona sp2,Annonaceae Juss.,7,6,33,,,,
11,51,11-51,Lacre,Vismia baccifera (L.) Planch. & Triana,Hypericaceae Juss.,10,8,32,,,,
11,52,11-52,Palma boba,Cyathea caracasana (Klotzsch) Domin,Cyatheaceae Kaulf.,5,0,35,,,,
11,53,11-53,Tuno hoji ancho,Miconia Sp1.,Melastomataceae Juss.,11,9,32,,,,
11,54,11-54,Tuno blanco,Miconia caudata (Bonpl.) DC,Melastomataceae Juss.,9,7,32,,,,
11,55,11-55,Tuno rosado,Miconia Sp2.,Melastomataceae Juss.,9,8,32,,,,
11,56,11-56,Palma boba,Cyathea caracasana (Klotzsch) Domin,Cyatheaceae Kaulf.,3,0,37,,,,
11,57,11-57,Palma boba,Cyathea caracasana (Klotzsch) Domin,Cyatheaceae Kaulf.,7,0,57,,,,
12,1,12-1,Aji de paramo,Drimys granadensis L.f.,Winteraceae R.Br. ex Lindl.,10,8,45,,,,
12,2,12-2,Caucho,Ficus citrifolia Mill.,Moraceae Gaudich.,11,9,46,,,,
12,3,12-3,Palma boba,Cyathea caracasana (Klotzsch) Domin,Cyatheaceae Kaulf.,7,0,37,,,,
12,4,12-4,Tuno blanco,Miconia caudata (Bonpl.) DC,Melastomataceae Juss.,10,8,35,32,,,
12,5,12-5,Palma boba,Cyathea caracasana (Klotzsch) Domin,Cyatheaceae Kaulf.,9,0,45,,,,
12,6,12-6,Laurel,Nectandra Sp1.,Lauraceae Juss.,10,9,41,,,,
12,7,12-7,guacharaco,Cupania americana L.,Sapindaceae Juss.,10,9,39,,,,
12,8,12-8,Palma boba,Cyathea caracasana (Klotzsch) Domin,Cyatheaceae Kaulf.,3,0,49,,,,
12,9,12-9,guacharaco,Cupania americana L.,Sapindaceae Juss.,11,9,39,,,,
12,10,12-10,Aji de paramo,Drimys granadensis L.f.,Winteraceae R.Br. ex Lindl.,9,8,41,,,,
12,11,12-11,Aji de paramo,Drimys granadensis L.f.,Winteraceae R.Br. ex Lindl.,11,10,39,,,,
12,12,12-12,Aji de paramo,Drimys granadensis L.f.,Winteraceae R.Br. ex Lindl.,9,7,50,,,,
12,13,12-13,S6,SD6,SF6,12,10,38,,,,
12,14,12-14,Aji de paramo,Drimys granadensis L.f.,Winteraceae R.Br. ex Lindl.,10,9,37,,,,
12,15,12-15,Tuno,Bellucia grossularioides (L.) Triana,Melastomataceae Juss.,9,8,39,,,,
12,16,12-16,Aji de paramo,Drimys granadensis L.f.,Winteraceae R.Br. ex Lindl.,9,8,47,,,,
12,17,12-17,Lecythis,Lecythis ampla Miers,Lecythidaceae A.Rich.,8,7,38,,,,
12,18,12-18,Cajeto,Trichanthera gigantea (Humb. & Bonpl.) Nees,Acanthaceae Juss.,9,7,35,,,,
12,19,12-19,Arenillo,Dendrobangia boliviana Rusby,Icacinaceae Miers,7,6,35,,,,
12,20,12-20,Aji de paramo,Drimys granadensis L.f.,Winteraceae R.Br. ex Lindl.,9,7,58,,,,
12,21,12-21,Laurel,Nectandra Sp1.,Lauraceae Juss.,7,6,46,,,,
12,22,12-22,Tuno negro,Miconia cundinamarcensis Wurdack,Melastomataceae Juss.,9,8,40,,,,
12,23,12-23,Tuno rosado,Miconia Sp2.,Melastomataceae Juss.,7,6,44,39,,,
12,24,12-24,Aji de paramo,Drimys granadensis L.f.,Winteraceae R.Br. ex Lindl.,11,9,48,34,,,
12,25,12-25,Palma boba,Cyathea caracasana (Klotzsch) Domin,Cyatheaceae Kaulf.,4,0,41,,,,
12,26,12-26,Palma boba,Cyathea caracasana (Klotzsch) Domin,Cyatheaceae Kaulf.,5,0,44,,,,
12,27,12-27,Palma boba,Cyathea caracasana (Klotzsch) Domin,Cyatheaceae Kaulf.,5,0,32,,,,
12,28,12-28,Tuno rosado,Miconia Sp2.,Melastomataceae Juss.,7,5,32,,,,
12,29,12-29,Palma boba,Cyathea caracasana (Klotzsch) Domin,Cyatheaceae Kaulf.,4,0,35,,,,
12,30,12-30,Palma boba,Cyathea caracasana (Klotzsch) Domin,Cyatheaceae Kaulf.,4,0,32,,,,
12,31,12-31,Laurel guayabo,Nectandra Sp3.,Lauraceae Juss.,6,5,34,,,,
12,32,12-32,Cenizo,Piptocoma discolor (Kunth) Pruski,Asteraceae Giseke,9,7,35,,,,
12,33,12-33,Tuno rosado,Miconia Sp2.,Melastomataceae Juss.,8,6,32,,,,
12,34,12-34,Tuno rosado,Miconia Sp2.,Melastomataceae Juss.,7,5,32,,,,
12,35,12-35,Tuno hoji ancho,Miconia Sp1.,Melastomataceae Juss.,9,7,48,,,,
12,36,12-36,Yarumo plateado,Cecropia telenitida Cuatrec.,Urticaceae Juss.,10,8,48,,,,
12,37,12-37,Palma boba,Cyathea caracasana (Klotzsch) Domin,Cyatheaceae Kaulf.,6,0,36,,,,
12,38,12-38,Palma boba,Cyathea caracasana (Klotzsch) Domin,Cyatheaceae Kaulf.,4,0,34,,,,
12,39,12-39,Palma boba,Cyathea caracasana (Klotzsch) Domin,Cyatheaceae Kaulf.,4,0,34,,,,
12,40,12-40,Lacre,Vismia baccifera (L.) Planch. & Triana,Hypericaceae Juss.,11,7,56,,,,
12,41,12-41,Palma boba,Cyathea caracasana (Klotzsch) Domin,Cyatheaceae Kaulf.,3,0,56,,,,
12,42,12-42,Palma boba,Cyathea caracasana (Klotzsch) Domin,Cyatheaceae Kaulf.,3,0,48,,,,
12,43,12-43,Palma boba,Cyathea caracasana (Klotzsch) Domin,Cyatheaceae Kaulf.,4,0,37,,,,
12,44,12-44,Chilco,Baccharis bogotensis Kunth,Asteraceae Giseke,7,6,34,,,,
12,45,12-45,Palma boba,Cyathea caracasana (Klotzsch) Domin,Cyatheaceae Kaulf.,2,0,35,,,,
12,46,12-46,Palma boba,Cyathea caracasana (Klotzsch) Domin,Cyatheaceae Kaulf.,4,0,34,,,,
12,47,12-47,Tuno rosado,Miconia Sp2.,Melastomataceae Juss.,7,6,34,,,,
12,48,12-48,Laurel amarillo,Ocotea veraguensis (Meisn.) Mez,Lauraceae Juss.,10,7,42,,,,
12,49,12-49,Tuno,Bellucia grossularioides (L.) Triana,Melastomataceae Juss.,10,7,37,,,,
12,50,12-50,Tuno rosado,Miconia Sp2.,Melastomataceae Juss.,11,8,51,,,,
12,51,12-51,Tuno,Bellucia grossularioides (L.) Triana,Melastomataceae Juss.,6,4,36,,,,
13,1,13-1,Aguacatillo,Persea caerulea (Ruiz & Pav.) Mez,Lauraceae Juss.,9,7,54,,,,
13,2,13-2,Tuno blanco,Miconia caudata (Bonpl.) DC,Melastomataceae Juss.,7,6,36,,,,
13,3,13-3,Tuno blanco,Miconia caudata (Bonpl.) DC,Melastomataceae Juss.,9,7,57,,,,
13,4,13-4,Cajeto,Trichanthera gigantea (Humb. & Bonpl.) Nees,Acanthaceae Juss.,9,7,39,,,,
13,5,13-5,Tuno blanco,Miconia caudata (Bonpl.) DC,Melastomataceae Juss.,10,7,43,,,,
13,6,13-6,Yarumo plateado,Cecropia telenitida Cuatrec.,Urticaceae Juss.,11,7,50,,,,
13,7,13-7,Tuno esmeralda,Miconia squamulosa Triana,Melastomataceae Juss.,7,5,37,,,,
13,8,13-8,Tuno blanco,Miconia caudata (Bonpl.) DC,Melastomataceae Juss.,8,6,39,,,,
13,9,13-9,Tuno blanco,Miconia caudata (Bonpl.) DC,Melastomataceae Juss.,9,7,42,,,,
13,10,13-10,Palma boba,Cyathea caracasana (Klotzsch) Domin,Cyatheaceae Kaulf.,4,0,40,,,,
13,11,13-11,Tuno blanco,Miconia caudata (Bonpl.) DC,Melastomataceae Juss.,7,5,32,,,,
13,12,13-12,Palma boba,Cyathea caracasana (Klotzsch) Domin,Cyatheaceae Kaulf.,5,0,35,,,,
13,13,13-13,Aguacatillo,Persea caerulea (Ruiz & Pav.) Mez,Lauraceae Juss.,12,8,54,45,,,
13,14,13-14,Silvo Silvo ,Hedyosmum bonplandianum Kunth.,Chloranthaceae R.Br. ex Sims,9,5,42,,,,
13,15,13-15,Tuno blanco,Miconia caudata (Bonpl.) DC,Melastomataceae Juss.,8,6,49,,,,
13,16,13-16,Tuno blanco,Miconia caudata (Bonpl.) DC,Melastomataceae Juss.,8,6,40,,,,
13,17,13-17,Tuno blanco,Miconia caudata (Bonpl.) DC,Melastomataceae Juss.,7,5,37,,,,
13,18,13-18,Saurauia,Saurauia arnoldii Sleumer,Actinidiaceae Gilg & Werderm.,9,8,35,,,,
13,19,13-19,Palma boba,Cyathea caracasana (Klotzsch) Domin,Cyatheaceae Kaulf.,5,0,38,,,,
13,20,13-20,Tuno rosado,Miconia Sp2.,Melastomataceae Juss.,4.5,3,35,,,,
13,21,13-21,S6,SD6,SF6,4.5,2.5,32,,,,
13,22,13-22,Tabaquillo,Macrocarpaea macrophylla (Kunth) Gilg,Gentianaceae Juss.,6,4,44,,,,
13,23,13-23,Niguito,Miconia resima Naudin,Melastomataceae Juss.,5,4,35,,,,
13,24,13-24,Tuno blanco,Miconia caudata (Bonpl.) DC,Melastomataceae Juss.,9,7,40,,,,
13,25,13-25,Tuno blanco,Miconia caudata (Bonpl.) DC,Melastomataceae Juss.,11,7,56,,,,
13,26,13-26,Tuno hoji ancho,Miconia Sp1.,Melastomataceae Juss.,9,7,33,,,,
13,27,13-27,Cariseco,Billia columbiana Planch. & Linden,Sapindaceae Juss.,8,5,34,,,,
13,28,13-28,Guacharaco,Cupania americana L.,Sapindaceae Juss.,10,7,44,,,,
13,29,13-29,cucharo rapanea,Rapanea Sp.,Primulaceae Batsch ex Borkh.,11,8,47,42,,,
13,30,13-30,Madre de agua,Anaxagorea sp.,Annonaceae Juss.,10,7,43,,,,
13,31,13-31,Tuno blanco,Miconia caudata (Bonpl.) DC,Melastomataceae Juss.,11,7,33,,,,
13,32,13-32,Yarumo plateado,Cecropia telenitida Cuatrec.,Urticaceae Juss.,10,7,47,,,,
13,33,13-33,Laurel guayabo,Nectandra Sp3.,Lauraceae Juss.,10,7,39,,,,
13,34,13-34,Palma boba,Cyathea caracasana (Klotzsch) Domin,Cyatheaceae Kaulf.,5,0,41,,,,
13,35,13-35,Guacharaco,Cupania americana L.,Sapindaceae Juss.,10,7,39,,,,
13,36,13-36,Guacharaco,Cupania americana L.,Sapindaceae Juss.,11,7,49,,,,
13,37,13-37,Cordoncillo,Piper marginatum Jacq.,Piperaceae Giseke,11,8,39,,,,
13,38,13-38,Cariseco,Billia columbiana Planch. & Linden,Sapindaceae Juss.,8,5,39,,,,
13,39,13-39,Palma boba,Cyathea caracasana (Klotzsch) Domin,Cyatheaceae Kaulf.,3.5,0,42,,,,
13,40,13-40,Tuno niguito,Miconia spicellata Bonpl. ex Naudin,Melastomataceae Juss.,4.5,2,38,,,,
13,41,13-41,Tuno amarillo,Miconia dolichorrhyncha Naudin,Melastomataceae Juss.,5.5,3,35,,,,
13,42,13-42,Tuno blanco,Miconia caudata (Bonpl.) DC,Melastomataceae Juss.,5,3,32,,,,
13,43,13-43,Arenillo,Dendrobangia boliviana Rusby,Icacinaceae Miers,6,2,40,,,,
13,44,13-44,café de monte,Psychotria Sp1.,Rubiaceae Juss.,4.5,2.5,37,,,,
13,45,13-45,Palma boba,Cyathea caracasana (Klotzsch) Domin,Cyatheaceae Kaulf.,4,0,35,,,,
13,46,13-46,Sangregado,Croton smithianus Croizat,Euphorbiaceae Juss.,7.5,5,53,,,,
13,47,13-47,Tuno,Bellucia grossularioides (L.) Triana,Melastomataceae Juss.,9,5,53,,,,
13,48,13-48,Tuno,Bellucia grossularioides (L.) Triana,Melastomataceae Juss.,7,5,33,,,,
13,49,13-49,Yarumo plateado,Cecropia telenitida Cuatrec.,Urticaceae Juss.,6,5,54,,,,
13,50,13-50,Tabaquillo,Macrocarpaea macrophylla (Kunth) Gilg,Gentianaceae Juss.,10,7,35,,,,
13,51,13-51,Tuno blanco,Miconia caudata (Bonpl.) DC,Melastomataceae Juss.,11,7,49,,,,
13,52,13-52,Silvo Silvo ,Hedyosmum bonplandianum Kunth.,Chloranthaceae R.Br. ex Sims,8,5,52,,,,
13,53,13-53,Tuno,Bellucia grossularioides (L.) Triana,Melastomataceae Juss.,4.5,3,32,,,,
13,54,13-54,Tuno,Bellucia grossularioides (L.) Triana,Melastomataceae Juss.,4.5,3.5,32,,,,
13,55,13-55,Tuno negro,Miconia cundinamarcensis Wurdack,Melastomataceae Juss.,5.5,4,42,,,,
13,56,13-56,Tuno niguito,Miconia spicellata Bonpl. ex Naudin,Melastomataceae Juss.,6,4,35,,,,
14,1,14-1,Tuno hoji ancho,Miconia Sp1.,Melastomataceae Juss.,10,7,57,,,,
14,2,14-2,Tuno,Bellucia grossularioides (L.) Triana,Melastomataceae Juss.,6,4,32,,,,
14,3,14-3,Tuno blanco,Miconia caudata (Bonpl.) DC,Melastomataceae Juss.,9,6,46,,,,
14,4,14-4,Palma boba,Cyathea caracasana (Klotzsch) Domin,Cyatheaceae Kaulf.,5,0,45,,,,
14,5,14-5,Aji de paramo,Drimys granadensis L.f.,Winteraceae R.Br. ex Lindl.,8,5,41,,,,
14,6,14-6,Tuno blanco,Miconia caudata (Bonpl.) DC,Melastomataceae Juss.,8,6,32,,,,
14,7,14-7,Tuno blanco,Miconia caudata (Bonpl.) DC,Melastomataceae Juss.,10,6,34,,,,
14,8,14-8,Tuno blanco,Miconia caudata (Bonpl.) DC,Melastomataceae Juss.,10,7,36,,,,
14,9,14-9,Tuno blanco,Miconia caudata (Bonpl.) DC,Melastomataceae Juss.,7,5,33,19,,,
14,10,14-10,Tuno blanco,Miconia caudata (Bonpl.) DC,Melastomataceae Juss.,9,7,41,,,,
14,11,14-11,Amarillo,Beilschmiedia Sp.,Lauraceae Juss.,10,7,53,,,,
14,12,14-12,Silvo Silvo ,Hedyosmum bonplandianum Kunth.,Chloranthaceae R.Br. ex Sims,7,5,33,,,,
14,13,14-13,Tuno blanco,Miconia caudata (Bonpl.) DC,Melastomataceae Juss.,9,7,40,,,,
14,14,14-14,Tuno,Bellucia grossularioides (L.) Triana,Melastomataceae Juss.,7,5,35,,,,
14,15,14-15,Tuno,Bellucia grossularioides (L.) Triana,Melastomataceae Juss.,7,5,44,,,,
14,16,14-16,Tuno blanco,Miconia caudata (Bonpl.) DC,Melastomataceae Juss.,9,6,36,,,,
14,17,14-17,Aguacatillo,Persea caerulea (Ruiz & Pav.) Mez,Lauraceae Juss.,10,7,38,,,,
14,18,14-18,Tuno blanco,Miconia caudata (Bonpl.) DC,Melastomataceae Juss.,7,5,35,,,,
14,19,14-19,Saurauia,Saurauia arnoldii Sleumer,Actinidiaceae Gilg & Werderm.,10,6,36,49,,,
14,20,14-20,Tuno rosado,Miconia Sp2.,Melastomataceae Juss.,7,6,36,,,,
14,21,14-21,Cariseco,Billia columbiana Planch. & Linden,Sapindaceae Juss.,9,7,44,,,,
14,22,14-22,Tuno blanco,Miconia caudata (Bonpl.) DC,Melastomataceae Juss.,7,5,35,,,,
14,23,14-23,Silvo Silvo ,Hedyosmum bonplandianum Kunth.,Chloranthaceae R.Br. ex Sims,7,2,47,,,,
14,24,14-24,Palma boba,Cyathea caracasana (Klotzsch) Domin,Cyatheaceae Kaulf.,3,0,46,,,,
14,25,14-25,Tuno blanco,Miconia caudata (Bonpl.) DC,Melastomataceae Juss.,7,5,32,,,,
14,26,14-26,Caucho,Ficus citrifolia Mill.,Moraceae Gaudich.,10,8,44,,,,
14,27,14-27,cucharo rapanea,Rapanea Sp.,Primulaceae Batsch ex Borkh.,7,5,34,,,,
14,28,14-28,Niguito,Miconia resima Naudin,Melastomataceae Juss.,8,6,37,,,,
14,29,14-29,Tuno blanco,Miconia caudata (Bonpl.) DC,Melastomataceae Juss.,9,7,48,,,,
14,30,14-30,Tuno esmeralda,Miconia squamulosa Triana,Melastomataceae Juss.,7,5,33,,,,
14,31,14-31,Palma boba,Cyathea caracasana (Klotzsch) Domin,Cyatheaceae Kaulf.,4,0,43,,,,
14,32,14-32,Tuno,Bellucia grossularioides (L.) Triana,Melastomataceae Juss.,7,5,40,,,,
14,33,14-33,Tuno blanco,Miconia caudata (Bonpl.) DC,Melastomataceae Juss.,9,7,42,,,,
14,34,14-34,Tuno,Bellucia grossularioides (L.) Triana,Melastomataceae Juss.,4.5,3.5,34,,,,
14,35,14-35,S7,SD7,SF7,4,2,39,,,,
14,36,14-36,Palma boba,Cyathea caracasana (Klotzsch) Domin,Cyatheaceae Kaulf.,2.5,0,35,,,,
14,37,14-37,Palma boba,Cyathea caracasana (Klotzsch) Domin,Cyatheaceae Kaulf.,3,0,49,,,,
14,38,14-38,Niguito,Miconia resima Naudin,Melastomataceae Juss.,6,4,41,,,,
14,39,14-39,Tuno blanco,Miconia caudata (Bonpl.) DC,Melastomataceae Juss.,6.5,4,42,,,,
14,40,14-40,Palma boba,Cyathea caracasana (Klotzsch) Domin,Cyatheaceae Kaulf.,3.5,0,37,,,,
14,41,14-41,Tuno rosado,Miconia Sp2.,Melastomataceae Juss.,5.5,4.5,37,33,,,
14,42,14-42,Tuno niguito,Miconia spicellata Bonpl. ex Naudin,Melastomataceae Juss.,4.5,2.5,32,,,,
14,43,14-43,Tuno niguito,Miconia spicellata Bonpl. ex Naudin,Melastomataceae Juss.,7.5,4,49,,,,
14,44,14-44,Tuno amarillo,Miconia dolichorrhyncha Naudin,Melastomataceae Juss.,6.5,4,34,,,,
14,45,14-45,Niguito,Miconia resima Naudin,Melastomataceae Juss.,6,3.5,33,,,,
14,46,14-46,Niguito,Miconia resima Naudin,Melastomataceae Juss.,6.5,4.5,41,,,,
14,47,14-47,Niguito,Miconia resima Naudin,Melastomataceae Juss.,5.5,3,43,,,,
14,48,14-48,Tuno niguito,Miconia spicellata Bonpl. ex Naudin,Melastomataceae Juss.,6,4.5,42,,,,
14,49,14-49,Tuno niguito,Miconia spicellata Bonpl. ex Naudin,Melastomataceae Juss.,5.5,3.5,38,,,,
14,50,14-50,Tuno niguito,Miconia spicellata Bonpl. ex Naudin,Melastomataceae Juss.,6,4.5,48,,,,
14,51,14-51,Tuno niguito,Miconia spicellata Bonpl. ex Naudin,Melastomataceae Juss.,7,4.5,33,,,,
14,52,14-52,Niguito,Miconia resima Naudin,Melastomataceae Juss.,6,3.5,40,,,,
14,53,14-53,Niguito,Miconia resima Naudin,Melastomataceae Juss.,6,4.5,42,,,,
14,54,14-54,Niguito,Miconia resima Naudin,Melastomataceae Juss.,5.5,3.5,33,,,,
14,55,14-55,Tuno,Bellucia grossularioides (L.) Triana,Melastomataceae Juss.,4.5,4,33,,,,
14,56,14-56,Falso roble,SD1,SF1,4.5,2,43,,,,
14,57,14-57,schefflera,Schefflera actinophylla (Endl.) Harms,Araliaceae Juss.,10,6,40,,,,
14,58,14-58,Tuno blanco,Miconia caudata (Bonpl.) DC,Melastomataceae Juss.,9,7,40,,,,
14,59,14-59,Tuno blanco,Miconia caudata (Bonpl.) DC,Melastomataceae Juss.,8,6,39,,,,
14,60,14-60,Palma boba,Cyathea caracasana (Klotzsch) Domin,Cyatheaceae Kaulf.,4,0,42,,,,
14,61,14-61,Niguito,Miconia resima Naudin,Melastomataceae Juss.,7,5,43,,,,
14,62,14-62,Tuno,Bellucia grossularioides (L.) Triana,Melastomataceae Juss.,7,5,34,,,,
14,63,14-63,Tuno blanco,Miconia caudata (Bonpl.) DC,Melastomataceae Juss.,10,7,43,,,,
14,64,14-64,Tuno negro,Miconia cundinamarcensis Wurdack,Melastomataceae Juss.,9,6,32,,,,
14,65,14-65,Tuno,Bellucia grossularioides (L.) Triana,Melastomataceae Juss.,7,5,34,,,,
15,1,15-1,schefflera,Schefflera actinophylla (Endl.) Harms,Araliaceae Juss.,6,5,32,,,,
15,2,15-2,Granizo,Hedyosmum goudotianum Solms,Chloranthaceae R.Br. ex Sims,7,5,42,,,,
15,3,15-3,Tuno blanco,Miconia caudata (Bonpl.) DC,Melastomataceae Juss.,7,6,38,,,,
15,4,15-4,Granizo,Hedyosmum goudotianum Solms,Chloranthaceae R.Br. ex Sims,8,6,50,,,,
15,5,15-5,Tuno rosado,Miconia Sp2.,Melastomataceae Juss.,6,5,37,,,,
15,6,15-6,Granizo,Hedyosmum goudotianum Solms,Chloranthaceae R.Br. ex Sims,9,7,58,,,,
15,7,15-7,Silvo Silvo ,Hedyosmum bonplandianum Kunth.,Chloranthaceae R.Br. ex Sims,4,4,32,,,,
15,8,15-8,Silvo Silvo ,Hedyosmum bonplandianum Kunth.,Chloranthaceae R.Br. ex Sims,9,7,43,,,,
15,9,15-9,Tuno rosado,Miconia Sp2.,Melastomataceae Juss.,7,6,32,,,,
15,10,15-10,Palma boba,Cyathea caracasana (Klotzsch) Domin,Cyatheaceae Kaulf.,4,0,40,,,,
15,11,15-11,Palma boba,Cyathea caracasana (Klotzsch) Domin,Cyatheaceae Kaulf.,3,0,54,,,,
15,12,15-12,Siete cueros ,Tibouchina lepidota (Bonpl.) Baill.,Melastomataceae Juss.,9,7,38,,,,
15,13,15-13,Aji de paramo,Drimys granadensis L.f.,Winteraceae R.Br. ex Lindl.,8,6,37,,,,
15,14,15-14,Aji de paramo,Drimys granadensis L.f.,Winteraceae R.Br. ex Lindl.,7,5,38,,,,
15,15,15-15,Palma boba,Cyathea caracasana (Klotzsch) Domin,Cyatheaceae Kaulf.,3,0,35,,,,
15,16,15-16,Palma boba,Cyathea caracasana (Klotzsch) Domin,Cyatheaceae Kaulf.,1.6,0,44,,,,
15,17,15-17,Palma boba,Cyathea caracasana (Klotzsch) Domin,Cyatheaceae Kaulf.,1.5,0,49,,,,
15,18,15-18,Palma boba,Cyathea caracasana (Klotzsch) Domin,Cyatheaceae Kaulf.,3,0,36,,,,
15,19,15-19,Aji de paramo,Drimys granadensis L.f.,Winteraceae R.Br. ex Lindl.,8,6,35,,,,
15,20,15-20,Aji de paramo,Drimys granadensis L.f.,Winteraceae R.Br. ex Lindl.,8,7,49,,,,
15,21,15-21,Aji de paramo,Drimys granadensis L.f.,Winteraceae R.Br. ex Lindl.,7,6,37,,,,
15,22,15-22,Aji de paramo,Drimys granadensis L.f.,Winteraceae R.Br. ex Lindl.,8,5,35,,,,
15,23,15-23,Tuno niguito,Miconia spicellata Bonpl. ex Naudin,Melastomataceae Juss.,6,4,35,,,,
15,24,15-24,Palma boba,Cyathea caracasana (Klotzsch) Domin,Cyatheaceae Kaulf.,5,0,46,,,,
15,25,15-25,Balso,Heliocarpus americanus L.,Malvaceae Juss.,6,4,45,,,,
15,26,15-26,Palma boba,Cyathea caracasana (Klotzsch) Domin,Cyatheaceae Kaulf.,5,0,46,,,,
15,27,15-27,Palma boba,Cyathea caracasana (Klotzsch) Domin,Cyatheaceae Kaulf.,3,0,31.5,,,,
15,28,15-28,Palma boba,Cyathea caracasana (Klotzsch) Domin,Cyatheaceae Kaulf.,3.2,0,39,,,,
15,29,15-29,Palma boba,Cyathea caracasana (Klotzsch) Domin,Cyatheaceae Kaulf.,4,0,37,,,,
15,30,15-30,Palma boba,Cyathea caracasana (Klotzsch) Domin,Cyatheaceae Kaulf.,1.9,0,38,,,,
15,31,15-31,Balso,Heliocarpus americanus L.,Malvaceae Juss.,9,6,44,,,,
15,32,15-32,Balso,Heliocarpus americanus L.,Malvaceae Juss.,8,7,51,,,,
15,33,15-33,Tuno blanco,Miconia caudata (Bonpl.) DC,Melastomataceae Juss.,8,6,39,,,,
15,34,15-34,Tuno,Bellucia grossularioides (L.) Triana,Melastomataceae Juss.,7,6,32,,,,
15,35,15-35,Balso,Heliocarpus americanus L.,Malvaceae Juss.,8,6,32,,,,
15,36,15-36,Palma boba,Cyathea caracasana (Klotzsch) Domin,Cyatheaceae Kaulf.,5,0,44,,,,
15,37,15-37,Palma boba,Cyathea caracasana (Klotzsch) Domin,Cyatheaceae Kaulf.,1.4,0,45,,,,
15,38,15-38,Palma boba,Cyathea caracasana (Klotzsch) Domin,Cyatheaceae Kaulf.,4,0,58,,,,
15,39,15-39,Tuno,Bellucia grossularioides (L.) Triana,Melastomataceae Juss.,6,5,31.5,,,,
15,40,15-40,Palma boba,Cyathea caracasana (Klotzsch) Domin,Cyatheaceae Kaulf.,3,0,39,,,,
15,41,15-41,Palma boba,Cyathea caracasana (Klotzsch) Domin,Cyatheaceae Kaulf.,2,0,50,,,,
15,42,15-42,Silvo Silvo ,Hedyosmum bonplandianum Kunth.,Chloranthaceae R.Br. ex Sims,7,6,44,41,,,
15,43,15-43,Aji de paramo,Drimys granadensis L.f.,Winteraceae R.Br. ex Lindl.,9,8,48,,,,
15,44,15-44,Palma boba,Cyathea caracasana (Klotzsch) Domin,Cyatheaceae Kaulf.,2,0,35,,,,
15,45,15-45,Palma boba,Cyathea caracasana (Klotzsch) Domin,Cyatheaceae Kaulf.,5,0,51,,,,
15,46,15-46,Niguito,Miconia resima Naudin,Melastomataceae Juss.,4.5,2,33,,,,
15,47,15-47,Tuno niguito,Miconia spicellata Bonpl. ex Naudin,Melastomataceae Juss.,6.5,2,34,36,34,,
15,48,15-48,Falso roble,SD1,SF1,6.5,4.5,42,,,,
15,49,15-49,Laurel,Nectandra Sp1.,Lauraceae Juss.,5,4,36,,,,
15,50,15-50,Tuno blanco,Miconia caudata (Bonpl.) DC,Melastomataceae Juss.,6.5,4.5,54,,,,
15,51,15-51,Tuno niguito,Miconia spicellata Bonpl. ex Naudin,Melastomataceae Juss.,6,3,42,,,,
15,52,15-52,Tuno niguito,Miconia spicellata Bonpl. ex Naudin,Melastomataceae Juss.,6,4.5,40,,,,
15,53,15-53,Tuno negro,Miconia cundinamarcensis Wurdack,Melastomataceae Juss.,6.5,5,54,,,,
16,1,16-1,Tuno blanco,Miconia caudata (Bonpl.) DC,Melastomataceae Juss.,10,6,33,,,,
16,2,16-2,Palma boba,Cyathea caracasana (Klotzsch) Domin,Cyatheaceae Kaulf.,5,0,36,,,,
16,3,16-3,Palma boba,Cyathea caracasana (Klotzsch) Domin,Cyatheaceae Kaulf.,3,0,37,,,,
16,4,16-4,Palma boba,Cyathea caracasana (Klotzsch) Domin,Cyatheaceae Kaulf.,8,0,37,,,,
16,5,16-5,Palma boba,Cyathea caracasana (Klotzsch) Domin,Cyatheaceae Kaulf.,6,0,32,,,,
16,6,16-6,Palma boba,Cyathea caracasana (Klotzsch) Domin,Cyatheaceae Kaulf.,7,0,43,,,,
16,7,16-7,Palma boba,Cyathea caracasana (Klotzsch) Domin,Cyatheaceae Kaulf.,5,0,34,,,,
16,8,16-8,Palma boba,Cyathea caracasana (Klotzsch) Domin,Cyatheaceae Kaulf.,7,0,45,,,,
16,9,16-9,Palma boba,Cyathea caracasana (Klotzsch) Domin,Cyatheaceae Kaulf.,8,0,41,,,,
16,10,16-10,Palma boba,Cyathea caracasana (Klotzsch) Domin,Cyatheaceae Kaulf.,10,0,40,,,,
16,11,16-11,Palma boba,Cyathea caracasana (Klotzsch) Domin,Cyatheaceae Kaulf.,12,0,55,,,,
16,12,16-12,Palma boba,Cyathea caracasana (Klotzsch) Domin,Cyatheaceae Kaulf.,10,0,51,,,,
16,13,16-13,Palma boba,Cyathea caracasana (Klotzsch) Domin,Cyatheaceae Kaulf.,15,0,56,,,,
16,14,16-14,Palma boba,Cyathea caracasana (Klotzsch) Domin,Cyatheaceae Kaulf.,7,0,54,,,,
16,15,16-15,Palma boba,Cyathea caracasana (Klotzsch) Domin,Cyatheaceae Kaulf.,13,0,43,39,,,
16,16,16-16,Aji de paramo,Drimys granadensis L.f.,Winteraceae R.Br. ex Lindl.,9.8,8,34.8,,,,
16,17,16-17,Siete cueros ,Tibouchina lepidota (Bonpl.) Baill.,Melastomataceae Juss.,9,5,45,,,,
16,18,16-18,Siete cueros ,Tibouchina lepidota (Bonpl.) Baill.,Melastomataceae Juss.,6,4,32,,,,
16,19,16-19,Siete cueros ,Tibouchina lepidota (Bonpl.) Baill.,Melastomataceae Juss.,7,3,39,39,34,32,
16,20,16-20,Palma boba,Cyathea caracasana (Klotzsch) Domin,Cyatheaceae Kaulf.,6,0,53,,,,
16,21,16-21,Palma boba,Cyathea caracasana (Klotzsch) Domin,Cyatheaceae Kaulf.,6,0,54,,,,
16,22,16-22,Palma boba,Cyathea caracasana (Klotzsch) Domin,Cyatheaceae Kaulf.,6,0,56,,,,
16,23,16-23,Tuno niguito,Miconia spicellata Bonpl. ex Naudin,Melastomataceae Juss.,3,3,33,31,,,
16,24,16-24,Palma boba,Cyathea caracasana (Klotzsch) Domin,Cyatheaceae Kaulf.,4,0,41,,,,
16,25,16-25,Palma boba,Cyathea caracasana (Klotzsch) Domin,Cyatheaceae Kaulf.,5,0,48,,,,
16,26,16-26,Palma boba,Cyathea caracasana (Klotzsch) Domin,Cyatheaceae Kaulf.,3,0,42,,,,
16,27,16-27,Palma boba,Cyathea caracasana (Klotzsch) Domin,Cyatheaceae Kaulf.,4,0,45,,,,
16,28,16-28,Palma boba,Cyathea caracasana (Klotzsch) Domin,Cyatheaceae Kaulf.,3,0,46,,,,
16,29,16-29,Palma boba,Cyathea caracasana (Klotzsch) Domin,Cyatheaceae Kaulf.,2.9,0,46,,,,
16,30,16-30,Palma boba,Cyathea caracasana (Klotzsch) Domin,Cyatheaceae Kaulf.,3,0,52,,,,
16,31,16-31,Palma boba,Cyathea caracasana (Klotzsch) Domin,Cyatheaceae Kaulf.,3.5,0,42,,,,
16,32,16-32,Palma boba,Cyathea caracasana (Klotzsch) Domin,Cyatheaceae Kaulf.,5,0,51,,,,
16,33,16-33,Palma boba,Cyathea caracasana (Klotzsch) Domin,Cyatheaceae Kaulf.,2,0,31.5,,,,
16,34,16-34,Palma boba,Cyathea caracasana (Klotzsch) Domin,Cyatheaceae Kaulf.,3,0,33,,,,
16,35,16-35,café de monte,Psychotria Sp1.,Rubiaceae Juss.,7,5,93,,,,
17,1,17-1,Aji de paramo,Drimys granadensis L.f.,Winteraceae R.Br. ex Lindl.,15,13,48,39,,,
17,2,17-2,Aji de paramo,Drimys granadensis L.f.,Winteraceae R.Br. ex Lindl.,10,8,42,34,,,
17,3,17-3,Tuno niguito,Miconia spicellata Bonpl. ex Naudin,Melastomataceae Juss.,11,9,40,,,,
17,4,17-4,Palma boba,Cyathea caracasana (Klotzsch) Domin,Cyatheaceae Kaulf.,2.5,0,39,,,,
17,5,17-5,Palma boba,Cyathea caracasana (Klotzsch) Domin,Cyatheaceae Kaulf.,4.7,0,43,,,,
17,6,17-6,Tuno niguito,Miconia spicellata Bonpl. ex Naudin,Melastomataceae Juss.,7,6,37,34,,,
17,7,17-7,Palma boba,Cyathea caracasana (Klotzsch) Domin,Cyatheaceae Kaulf.,5,0,47,,,,
17,8,17-8,Palma boba,Cyathea caracasana (Klotzsch) Domin,Cyatheaceae Kaulf.,5.2,0,54,,,,
17,9,17-9,Palma boba,Cyathea caracasana (Klotzsch) Domin,Cyatheaceae Kaulf.,6.5,0,61,,,,
17,10,17-10,Niguito,Miconia resima Naudin,Melastomataceae Juss.,7.2,6.2,41,,,,
17,11,17-11,Palma boba,Cyathea caracasana (Klotzsch) Domin,Cyatheaceae Kaulf.,5,0,43,,,,
17,12,17-12,Rudgea,Rudgea cornifolia (Kunth) Standl.,Rubiaceae Juss.,11,8,39,,,,
17,13,17-13,Palma boba,Cyathea caracasana (Klotzsch) Domin,Cyatheaceae Kaulf.,6,0,54,,,,
17,14,17-14,Palma boba,Cyathea caracasana (Klotzsch) Domin,Cyatheaceae Kaulf.,6.2,0,69,,,,
17,15,17-15,Palma boba,Cyathea caracasana (Klotzsch) Domin,Cyatheaceae Kaulf.,4.5,0,45,,,,
17,16,17-16,Palma boba,Cyathea caracasana (Klotzsch) Domin,Cyatheaceae Kaulf.,4,0,50,,,,
17,17,17-17,Palma boba,Cyathea caracasana (Klotzsch) Domin,Cyatheaceae Kaulf.,5,0,39,,,,
17,18,17-18,Palma boba,Cyathea caracasana (Klotzsch) Domin,Cyatheaceae Kaulf.,4.5,0,40,,,,
17,19,17-19,Palma boba,Cyathea caracasana (Klotzsch) Domin,Cyatheaceae Kaulf.,5,0,43,,,,
17,20,17-20,Palma boba,Cyathea caracasana (Klotzsch) Domin,Cyatheaceae Kaulf.,4.9,0,69,,,,
17,21,17-21,Palma boba,Cyathea caracasana (Klotzsch) Domin,Cyatheaceae Kaulf.,3.8,0,48,,,,
17,22,17-22,Palma boba,Cyathea caracasana (Klotzsch) Domin,Cyatheaceae Kaulf.,4.5,0,53,,,,
17,23,17-23,Palma boba,Cyathea caracasana (Klotzsch) Domin,Cyatheaceae Kaulf.,3.8,0,32,,,,
17,24,17-24,Aji de paramo,Drimys granadensis L.f.,Winteraceae R.Br. ex Lindl.,8,6,47,,,,
17,25,17-25,Tuno niguito,Miconia spicellata Bonpl. ex Naudin,Melastomataceae Juss.,9,5,32,,,,
17,26,17-26,Palma boba,Cyathea caracasana (Klotzsch) Domin,Cyatheaceae Kaulf.,2,0,33,,,,
17,27,17-27,Palma boba,Cyathea caracasana (Klotzsch) Domin,Cyatheaceae Kaulf.,3.2,0,35,,,,
17,28,17-28,Tuno niguito,Miconia spicellata Bonpl. ex Naudin,Melastomataceae Juss.,5.6,4,33,,,,
17,29,17-29,Palma boba,Cyathea caracasana (Klotzsch) Domin,Cyatheaceae Kaulf.,5.3,0,35,,,,
17,30,17-30,Aji de paramo,Drimys granadensis L.f.,Winteraceae R.Br. ex Lindl.,7,5,32,,,,
17,31,17-31,Niguito,Miconia resima Naudin,Melastomataceae Juss.,8,3,46,,,,
17,32,17-32,Tuno niguito,Miconia spicellata Bonpl. ex Naudin,Melastomataceae Juss.,8,6,35,,,,
17,33,17-33,Tuno blanco,Miconia caudata (Bonpl.) DC,Melastomataceae Juss.,6,4,44,,,,
17,34,17-34,Palma boba,Cyathea caracasana (Klotzsch) Domin,Cyatheaceae Kaulf.,4.5,0,31.5,,,,
17,35,17-35,Palma boba,Cyathea caracasana (Klotzsch) Domin,Cyatheaceae Kaulf.,4.3,0,36,,,,
17,36,17-36,Palma boba,Cyathea caracasana (Klotzsch) Domin,Cyatheaceae Kaulf.,5,0,42,,,,
17,37,17-37,Palma boba,Cyathea caracasana (Klotzsch) Domin,Cyatheaceae Kaulf.,4,0,38,,,,
17,38,17-38,Palma boba,Cyathea caracasana (Klotzsch) Domin,Cyatheaceae Kaulf.,2,0,33,,,,
18,1,18-1,Palma boba,Cyathea caracasana (Klotzsch) Domin,Cyatheaceae Kaulf.,3,0,31.5,,,,
18,2,18-2,Palma boba,Cyathea caracasana (Klotzsch) Domin,Cyatheaceae Kaulf.,2.8,0,60,,,,
18,3,18-3,Palma boba,Cyathea caracasana (Klotzsch) Domin,Cyatheaceae Kaulf.,6,0,54,,,,
18,4,18-4,Tuno niguito,Miconia spicellata Bonpl. ex Naudin,Melastomataceae Juss.,7,5,33,,,,
18,5,18-5,Tuno niguito,Miconia spicellata Bonpl. ex Naudin,Melastomataceae Juss.,8,4,35,,,,
18,6,18-6,Tuno niguito,Miconia spicellata Bonpl. ex Naudin,Melastomataceae Juss.,7,5,32,,,,
18,7,18-7,Niguito,Miconia resima Naudin,Melastomataceae Juss.,8,6,37,,,,
18,8,18-8,Palma boba,Cyathea caracasana (Klotzsch) Domin,Cyatheaceae Kaulf.,6,0,52,,,,
18,9,18-9,Aji de paramo,Drimys granadensis L.f.,Winteraceae R.Br. ex Lindl.,7,5,38,,,,
18,10,18-10,Tuno niguito,Miconia spicellata Bonpl. ex Naudin,Melastomataceae Juss.,9,6,43,,,,
18,11,18-11,Palma boba,Cyathea caracasana (Klotzsch) Domin,Cyatheaceae Kaulf.,1.4,0,41,,,,
18,12,18-12,Palma boba,Cyathea caracasana (Klotzsch) Domin,Cyatheaceae Kaulf.,4.3,0,42,,,,
18,13,18-13,Palma boba,Cyathea caracasana (Klotzsch) Domin,Cyatheaceae Kaulf.,3,0,34,,,,
18,14,18-14,Palma boba,Cyathea caracasana (Klotzsch) Domin,Cyatheaceae Kaulf.,4,0,39,,,,
18,15,18-15,Palma boba,Cyathea caracasana (Klotzsch) Domin,Cyatheaceae Kaulf.,4,0,37,,,,
18,16,18-16,Palma boba,Cyathea caracasana (Klotzsch) Domin,Cyatheaceae Kaulf.,4,0,41,,,,
18,17,18-17,Palma boba,Cyathea caracasana (Klotzsch) Domin,Cyatheaceae Kaulf.,3,0,47,,,,
18,18,18-18,Palma boba,Cyathea caracasana (Klotzsch) Domin,Cyatheaceae Kaulf.,5,0,45,,,,
18,19,18-19,Niguito,Miconia resima Naudin,Melastomataceae Juss.,7,5,36,,,,
18,20,18-20,Palma boba,Cyathea caracasana (Klotzsch) Domin,Cyatheaceae Kaulf.,2.8,0,55,,,,
18,21,18-21,Palma boba,Cyathea caracasana (Klotzsch) Domin,Cyatheaceae Kaulf.,5,0,77,,,,
18,22,18-22,Palma boba,Cyathea caracasana (Klotzsch) Domin,Cyatheaceae Kaulf.,2,0,32,,,,
18,23,18-23,Palma boba,Cyathea caracasana (Klotzsch) Domin,Cyatheaceae Kaulf.,3,0,33,,,,
18,24,18-24,Balso,Heliocarpus americanus L.,Malvaceae Juss.,8,6,48,,,,
18,25,18-25,Tuno niguito,Miconia spicellata Bonpl. ex Naudin,Melastomataceae Juss.,6,5,43,,,,
18,26,18-26,Palma boba,Cyathea caracasana (Klotzsch) Domin,Cyatheaceae Kaulf.,6,0,56.9,,,,
18,27,18-27,Tuno niguito,Miconia spicellata Bonpl. ex Naudin,Melastomataceae Juss.,7,4,36,,,,
18,28,18-28,Palma boba,Cyathea caracasana (Klotzsch) Domin,Cyatheaceae Kaulf.,5,0,49,,,,
18,29,18-29,Palma boba,Cyathea caracasana (Klotzsch) Domin,Cyatheaceae Kaulf.,5,0,40,,,,
18,30,18-30,Palma boba,Cyathea caracasana (Klotzsch) Domin,Cyatheaceae Kaulf.,6,0,49,,,,
18,31,18-31,Palma boba,Cyathea caracasana (Klotzsch) Domin,Cyatheaceae Kaulf.,4,0,48,,,,
18,32,18-32,Palma boba,Cyathea caracasana (Klotzsch) Domin,Cyatheaceae Kaulf.,4,0,46,,,,
18,33,18-33,Tuno niguito,Miconia spicellata Bonpl. ex Naudin,Melastomataceae Juss.,6,4,38,,,,
18,34,18-34,Palma boba,Cyathea caracasana (Klotzsch) Domin,Cyatheaceae Kaulf.,5.1,0,52,,,,
18,35,18-35,Palma boba,Cyathea caracasana (Klotzsch) Domin,Cyatheaceae Kaulf.,2,0,66,,,,
18,36,18-36,Tuno niguito,Miconia spicellata Bonpl. ex Naudin,Melastomataceae Juss.,6,3,32,,,,
18,37,18-37,Tuno niguito,Miconia spicellata Bonpl. ex Naudin,Melastomataceae Juss.,6,4,46,,,,
18,38,18-38,Tuno niguito,Miconia spicellata Bonpl. ex Naudin,Melastomataceae Juss.,7,3,32,,,,
18,39,18-39,Palma boba,Cyathea caracasana (Klotzsch) Domin,Cyatheaceae Kaulf.,4,0,43,,,,
18,40,18-40,Tuno niguito,Miconia spicellata Bonpl. ex Naudin,Melastomataceae Juss.,6,3,33,,,,
18,41,18-41,Palma boba,Cyathea caracasana (Klotzsch) Domin,Cyatheaceae Kaulf.,6,0,37,,,,
18,42,18-42,Tuno niguito,Miconia spicellata Bonpl. ex Naudin,Melastomataceae Juss.,8,6,36,,,,
18,43,18-43,Tuno niguito,Miconia spicellata Bonpl. ex Naudin,Melastomataceae Juss.,7,6,34,,,,
18,44,18-44,Tuno niguito,Miconia spicellata Bonpl. ex Naudin,Melastomataceae Juss.,8,5,31.5,,,,
18,45,18-45,Tuno niguito,Miconia spicellata Bonpl. ex Naudin,Melastomataceae Juss.,7,4,32,,,,
18,46,18-46,Palma boba,Cyathea caracasana (Klotzsch) Domin,Cyatheaceae Kaulf.,2,0,52,,,,
18,47,,Tuno niguito,Miconia spicellata Bonpl. ex Naudin,Melastomataceae Juss.,7,5,35.6,,,,
18,48,,Palma boba,Cyathea caracasana (Klotzsch) Domin,Cyatheaceae Kaulf.,2.3,0,52,,,,
18,49,,Palma boba,Cyathea caracasana (Klotzsch) Domin,Cyatheaceae Kaulf.,1.9,0,53,,,,
18,50,,Tuno blanco,Miconia caudata (Bonpl.) DC,Melastomataceae Juss.,6,4,37,,,,
18,51,,Palma boba,Cyathea caracasana (Klotzsch) Domin,Cyatheaceae Kaulf.,3.2,0,34,,,,
18,52,,Siete cueros ,Tibouchina lepidota (Bonpl.) Baill.,Melastomataceae Juss.,6,3,42,,,,
18,53,,Tuno niguito,Miconia spicellata Bonpl. ex Naudin,Melastomataceae Juss.,7,4,33,,,,
18,54,,Palma boba,Cyathea caracasana (Klotzsch) Domin,Cyatheaceae Kaulf.,3,0,47,,,,
18,55,,Tuno rosado,Miconia Sp2.,Melastomataceae Juss.,6,4,37,,,,
18,56,,Palma boba,Cyathea caracasana (Klotzsch) Domin,Cyatheaceae Kaulf.,3,0,47,,,,
18,57,,Tuno niguito,Miconia spicellata Bonpl. ex Naudin,Melastomataceae Juss.,6,4,36,,,,
18,58,,Tuno rosado,Miconia Sp2.,Melastomataceae Juss.,7,6,42,,,,
19,1,,Tuno niguito,Miconia spicellata Bonpl. ex Naudin,Melastomataceae Juss.,6,3,33,,,,
19,2,,Tuno niguito,Miconia spicellata Bonpl. ex Naudin,Melastomataceae Juss.,5,2,31.5,,,,
19,3,,Palma boba,Cyathea caracasana (Klotzsch) Domin,Cyatheaceae Kaulf.,3,0,36,,,,
19,4,,Tuno niguito,Miconia spicellata Bonpl. ex Naudin,Melastomataceae Juss.,7,5,44,,,,
19,5,,Tuno niguito,Miconia spicellata Bonpl. ex Naudin,Melastomataceae Juss.,8,5,46,,,,
19,6,,Tuno niguito,Miconia spicellata Bonpl. ex Naudin,Melastomataceae Juss.,7,5,32,,,,
19,7,,Tuno niguito,Miconia spicellata Bonpl. ex Naudin,Melastomataceae Juss.,6,3,32,,,,
19,8,,Tuno niguito,Miconia spicellata Bonpl. ex Naudin,Melastomataceae Juss.,7,4,31.5,,,,
19,9,,Palma boba,Cyathea caracasana (Klotzsch) Domin,Cyatheaceae Kaulf.,5,0,45,,,,
19,10,,Tuno niguito,Miconia spicellata Bonpl. ex Naudin,Melastomataceae Juss.,8,6,43,,,,
19,11,,Siete cueros ,Tibouchina lepidota (Bonpl.) Baill.,Melastomataceae Juss.,9,6,42,39,,,
19,12,,Palma boba,Cyathea caracasana (Klotzsch) Domin,Cyatheaceae Kaulf.,3.8,0,42,,,,
19,13,,Tuno blanco,Miconia caudata (Bonpl.) DC,Melastomataceae Juss.,6,4,43,,,,
19,14,,Palma boba,Cyathea caracasana (Klotzsch) Domin,Cyatheaceae Kaulf.,1.6,0,49,,,,
19,15,,Palma boba,Cyathea caracasana (Klotzsch) Domin,Cyatheaceae Kaulf.,2.3,0,52,,,,
19,16,,Palma boba,Cyathea caracasana (Klotzsch) Domin,Cyatheaceae Kaulf.,2,0,33,,,,
19,17,,Tuno rosado,Miconia Sp2.,Melastomataceae Juss.,7,5,47,,,,
19,18,,Palma boba,Cyathea caracasana (Klotzsch) Domin,Cyatheaceae Kaulf.,4,0,40,,,,
19,19,,Palma boba,Cyathea caracasana (Klotzsch) Domin,Cyatheaceae Kaulf.,3,0,37,,,,
19,20,,Palma boba,Cyathea caracasana (Klotzsch) Domin,Cyatheaceae Kaulf.,3.1,0,38,,,,
19,21,,Palma boba,Cyathea caracasana (Klotzsch) Domin,Cyatheaceae Kaulf.,4,0,36,,,,
19,22,,Palma boba,Cyathea caracasana (Klotzsch) Domin,Cyatheaceae Kaulf.,4.5,0,42,,,,
19,23,,Tuno niguito,Miconia spicellata Bonpl. ex Naudin,Melastomataceae Juss.,7,6,51,,,,
19,24,,Tuno niguito,Miconia spicellata Bonpl. ex Naudin,Melastomataceae Juss.,6,4,33,,,,
19,25,,Palma boba,Cyathea caracasana (Klotzsch) Domin,Cyatheaceae Kaulf.,4,0,55,,,,
19,26,,Palma boba,Cyathea caracasana (Klotzsch) Domin,Cyatheaceae Kaulf.,1.9,0,36,,,,
19,27,,Palma boba,Cyathea caracasana (Klotzsch) Domin,Cyatheaceae Kaulf.,1.8,0,51,,,,
19,28,,Tuno niguito,Miconia spicellata Bonpl. ex Naudin,Melastomataceae Juss.,6,3,31.5,,,,
19,29,,Tuno niguito,Miconia spicellata Bonpl. ex Naudin,Melastomataceae Juss.,5,3,31.5,,,,
19,30,,Palma boba,Cyathea caracasana (Klotzsch) Domin,Cyatheaceae Kaulf.,3,0,42,,,,
19,31,,Palma boba,Cyathea caracasana (Klotzsch) Domin,Cyatheaceae Kaulf.,2,0,31.5,,,,
19,32,,Palma boba,Cyathea caracasana (Klotzsch) Domin,Cyatheaceae Kaulf.,5,0,39,,,,
19,33,,Tuno niguito,Miconia spicellata Bonpl. ex Naudin,Melastomataceae Juss.,6,4,33,,,,
19,34,,Tuno niguito,Miconia spicellata Bonpl. ex Naudin,Melastomataceae Juss.,7,6,46,,,,
19,35,,Tuno niguito,Miconia spicellata Bonpl. ex Naudin,Melastomataceae Juss.,6,3,44,,,,
19,36,,Palma boba,Cyathea caracasana (Klotzsch) Domin,Cyatheaceae Kaulf.,4,0,69,,,,
19,37,,Tuno niguito,Miconia spicellata Bonpl. ex Naudin,Melastomataceae Juss.,7,5,50,40,,,
19,38,,Palma boba,Cyathea caracasana (Klotzsch) Domin,Cyatheaceae Kaulf.,4,0,36,,,,
19,39,,Tuno niguito,Miconia spicellata Bonpl. ex Naudin,Melastomataceae Juss.,4,2,35,,,,
19,40,,Palma boba,Cyathea caracasana (Klotzsch) Domin,Cyatheaceae Kaulf.,1.9,0,54,,,,
19,41,,Tuno blanco,Miconia caudata (Bonpl.) DC,Melastomataceae Juss.,6,4,41,,,,
19,42,,Tuno rosado,Miconia Sp2.,Melastomataceae Juss.,6,5,44,,,,
19,43,,Tuno rosado,Miconia Sp2.,Melastomataceae Juss.,5,3,42,,,,
19,44,,Tuno rosado,Miconia Sp2.,Melastomataceae Juss.,6,2,37,,,,
19,45,,Palma boba,Cyathea caracasana (Klotzsch) Domin,Cyatheaceae Kaulf.,6,0,66,,,,
19,46,,Palma boba,Cyathea caracasana (Klotzsch) Domin,Cyatheaceae Kaulf.,4,0,45,,,,
19,47,,Tuno niguito,Miconia spicellata Bonpl. ex Naudin,Melastomataceae Juss.,6,5,34,,,,
19,48,,Tuno niguito,Miconia spicellata Bonpl. ex Naudin,Melastomataceae Juss.,7,6,54,,,,
19,49,,Siete cueros ,Tibouchina lepidota (Bonpl.) Baill.,Melastomataceae Juss.,4,3,33,,,,
19,50,,Palma boba,Cyathea caracasana (Klotzsch) Domin,Cyatheaceae Kaulf.,3,0,58,,,,
19,51,,Palma boba,Cyathea caracasana (Klotzsch) Domin,Cyatheaceae Kaulf.,4,0,45,,,,
19,52,,Tuno rosado,Miconia Sp2.,Melastomataceae Juss.,6,5,48,,,,
19,53,,Tuno niguito,Miconia spicellata Bonpl. ex Naudin,Melastomataceae Juss.,6,4,44,,,,
19,54,,Tuno rosado,Miconia Sp2.,Melastomataceae Juss.,6,3,36,,,,
19,55,,Palma boba,Cyathea caracasana (Klotzsch) Domin,Cyatheaceae Kaulf.,2,0,31.5,,,,
20,1,,Palma boba,Cyathea caracasana (Klotzsch) Domin,Cyatheaceae Kaulf.,4,0,53,,,,
20,2,,Tuno rosado,Miconia Sp2.,Melastomataceae Juss.,5,3,42,,,,
20,3,,Tuno rosado,Miconia Sp2.,Melastomataceae Juss.,6,2,37,,,,
20,4,,Palma boba,Cyathea caracasana (Klotzsch) Domin,Cyatheaceae Kaulf.,6,0,66,,,,
20,5,,Tuno niguito,Miconia spicellata Bonpl. ex Naudin,Melastomataceae Juss.,5,3,34,,,,
20,6,,Tuno rosado,Miconia Sp2.,Melastomataceae Juss.,6,4,55,,,,
20,7,,Tuno rosado,Miconia Sp2.,Melastomataceae Juss.,5,3,48,,,,
20,8,,Aji de paramo,Drimys granadensis L.f.,Winteraceae R.Br. ex Lindl.,6,5,54,,,,
20,9,,Palma boba,Cyathea caracasana (Klotzsch) Domin,Cyatheaceae Kaulf.,3.5,0,42,,,,
20,10,,Palma boba,Cyathea caracasana (Klotzsch) Domin,Cyatheaceae Kaulf.,4,0,42,,,,
20,11,,Tuno blanco,Miconia caudata (Bonpl.) DC,Melastomataceae Juss.,8,6,43,,,,
20,12,,Arenillo,Dendrobangia boliviana Rusby,Icacinaceae Miers,8,6,39,34,,,
20,13,,Palma boba,Cyathea caracasana (Klotzsch) Domin,Cyatheaceae Kaulf.,3.8,0,33.8,,,,
20,14,,Palma boba,Cyathea caracasana (Klotzsch) Domin,Cyatheaceae Kaulf.,4.5,0,53,,,,
20,15,,Candelo,Hieronyma huilensis Cuatrec.,Phyllanthaceae Martinov,6,5,36,50,,,
20,16,,Candelo,Hieronyma huilensis Cuatrec.,Phyllanthaceae Martinov,9,6,62,,,,
20,17,,Balso,Heliocarpus americanus L.,Malvaceae Juss.,10,8,66,,,,
20,18,,Candelo,Hieronyma huilensis Cuatrec.,Phyllanthaceae Martinov,8,6,41,,,,
20,19,,Tuno blanco,Miconia caudata (Bonpl.) DC,Melastomataceae Juss.,10,7,59,,,,
20,20,,Palma boba,Cyathea caracasana (Klotzsch) Domin,Cyatheaceae Kaulf.,3.8,0,42,,,,
20,21,,Palma boba,Cyathea caracasana (Klotzsch) Domin,Cyatheaceae Kaulf.,3,0,34.5,,,,
20,22,,Tuno niguito,Miconia spicellata Bonpl. ex Naudin,Melastomataceae Juss.,6,4,36,,,,
20,23,,Candelo,Hieronyma huilensis Cuatrec.,Phyllanthaceae Martinov,7,5,44,,,,
20,24,,Palma boba,Cyathea caracasana (Klotzsch) Domin,Cyatheaceae Kaulf.,5,0,57,,,,
20,25,,Palma boba,Cyathea caracasana (Klotzsch) Domin,Cyatheaceae Kaulf.,2,0,54,,,,
20,26,,Palma boba,Cyathea caracasana (Klotzsch) Domin,Cyatheaceae Kaulf.,2.1,0,32,,,,
20,27,,Palma boba,Cyathea caracasana (Klotzsch) Domin,Cyatheaceae Kaulf.,1.9,0,37,,,,
20,28,,Palma boba,Cyathea caracasana (Klotzsch) Domin,Cyatheaceae Kaulf.,2.2,0,62,,,,
20,29,,Palma boba,Cyathea caracasana (Klotzsch) Domin,Cyatheaceae Kaulf.,2.8,0,42,,,,
20,30,,Palma boba,Cyathea caracasana (Klotzsch) Domin,Cyatheaceae Kaulf.,3,0,33,,,,
20,31,,Palma boba,Cyathea caracasana (Klotzsch) Domin,Cyatheaceae Kaulf.,2.9,0,53,,,,
20,32,,Palma boba,Cyathea caracasana (Klotzsch) Domin,Cyatheaceae Kaulf.,1.8,0,56,,,,
20,33,,Candelo,Hieronyma huilensis Cuatrec.,Phyllanthaceae Martinov,10,9,77,,,,
20,34,,Palma boba,Cyathea caracasana (Klotzsch) Domin,Cyatheaceae Kaulf.,5,0,55,,,,
20,35,,Palma boba,Cyathea caracasana (Klotzsch) Domin,Cyatheaceae Kaulf.,3.5,0,50,,,,
20,36,,Palma boba,Cyathea caracasana (Klotzsch) Domin,Cyatheaceae Kaulf.,2,0,60,,,,
20,37,,Candelo,Hieronyma huilensis Cuatrec.,Phyllanthaceae Martinov,7,4,66,,,,
20,38,,Palma boba,Cyathea caracasana (Klotzsch) Domin,Cyatheaceae Kaulf.,3,0,45,,,,
20,39,,Palma boba,Cyathea caracasana (Klotzsch) Domin,Cyatheaceae Kaulf.,5,0,47,,,,
20,40,,Palma boba,Cyathea caracasana (Klotzsch) Domin,Cyatheaceae Kaulf.,5,0,38,,,,
20,41,,Palma boba,Cyathea caracasana (Klotzsch) Domin,Cyatheaceae Kaulf.,4,0,37,,,,
20,42,,Palma boba,Cyathea caracasana (Klotzsch) Domin,Cyatheaceae Kaulf.,3.8,0,41,,,,
20,43,,Tuno niguito,Miconia spicellata Bonpl. ex Naudin,Melastomataceae Juss.,6,4,40,,,,
20,44,,Palma boba,Cyathea caracasana (Klotzsch) Domin,Cyatheaceae Kaulf.,7,0,64,,,,
20,45,,Palma boba,Cyathea caracasana (Klotzsch) Domin,Cyatheaceae Kaulf.,4.1,0,45,,,,
20,46,,Palma boba,Cyathea caracasana (Klotzsch) Domin,Cyatheaceae Kaulf.,3,0,32,,,,
20,47,,Palma boba,Cyathea caracasana (Klotzsch) Domin,Cyatheaceae Kaulf.,3,0,40,,,,
20,48,,Balso,Heliocarpus americanus L.,Malvaceae Juss.,6,4,51,,,,
20,49,,Palma boba,Cyathea caracasana (Klotzsch) Domin,Cyatheaceae Kaulf.,2.5,0,31.5,,,,
20,50,,Palma boba,Cyathea caracasana (Klotzsch) Domin,Cyatheaceae Kaulf.,3,0,35,,,,
20,51,,Palma boba,Cyathea caracasana (Klotzsch) Domin,Cyatheaceae Kaulf.,1.8,0,50,,,,
20,52,,Tuno niguito,Miconia spicellata Bonpl. ex Naudin,Melastomataceae Juss.,8,6,37,,,,
20,53,,Palma boba,Cyathea caracasana (Klotzsch) Domin,Cyatheaceae Kaulf.,2,0,60,,,,
20,54,,Palma boba,Cyathea caracasana (Klotzsch) Domin,Cyatheaceae Kaulf.,3,0,34,,,,
20,55,,Tuno blanco,Miconia caudata (Bonpl.) DC,Melastomataceae Juss.,7,5,40,,,,
20,56,,Tuno rosado,Miconia Sp2.,Melastomataceae Juss.,6,3,39,,,,
20,57,,Niguito,Miconia resima Naudin,Melastomataceae Juss.,5,2,39,,,,
21,1,,Balso,Heliocarpus americanus L.,Malvaceae Juss.,6,4,46,,,,
21,2,,Palma boba,Cyathea caracasana (Klotzsch) Domin,Cyatheaceae Kaulf.,5,0,44,,,,
21,3,,Palma boba,Cyathea caracasana (Klotzsch) Domin,Cyatheaceae Kaulf.,3.5,0,33,,,,
21,4,,Palma boba,Cyathea caracasana (Klotzsch) Domin,Cyatheaceae Kaulf.,4,0,49,,,,
21,5,,Balso,Heliocarpus americanus L.,Malvaceae Juss.,7,6,78,,,,
21,6,,Palma boba,Cyathea caracasana (Klotzsch) Domin,Cyatheaceae Kaulf.,2,0,35,,,,
21,7,,Palma boba,Cyathea caracasana (Klotzsch) Domin,Cyatheaceae Kaulf.,2.5,0,36,,,,
21,8,,Palma boba,Cyathea caracasana (Klotzsch) Domin,Cyatheaceae Kaulf.,2.4,0,42,,,,
21,9,,Palma boba,Cyathea caracasana (Klotzsch) Domin,Cyatheaceae Kaulf.,3.3,0,31.5,,,,
21,10,,Balso,Heliocarpus americanus L.,Malvaceae Juss.,5,3,62,,,,
21,11,,Palma boba,Cyathea caracasana (Klotzsch) Domin,Cyatheaceae Kaulf.,3,0,46,,,,
21,12,,Palma boba,Cyathea caracasana (Klotzsch) Domin,Cyatheaceae Kaulf.,3,0,36,,,,
21,13,,Balso,Heliocarpus americanus L.,Malvaceae Juss.,7,5,37,,,,
21,14,,Palma boba,Cyathea caracasana (Klotzsch) Domin,Cyatheaceae Kaulf.,2.5,0,39,,,,
21,15,,Palma boba,Cyathea caracasana (Klotzsch) Domin,Cyatheaceae Kaulf.,1.9,0,42,,,,
21,16,,Balso,Heliocarpus americanus L.,Malvaceae Juss.,9,6,57,,,,
21,17,,Tuno niguito,Miconia spicellata Bonpl. ex Naudin,Melastomataceae Juss.,9,6,58,,,,
21,18,,Palma boba,Cyathea caracasana (Klotzsch) Domin,Cyatheaceae Kaulf.,6,0,77,,,,
21,19,,Palma boba,Cyathea caracasana (Klotzsch) Domin,Cyatheaceae Kaulf.,5.8,0,66,,,,
21,20,,Mantequillo,Sapium stylare Müll. Arg.,Euphorbiaceae Juss.,6,4,34,,,,
21,21,,Balso,Heliocarpus americanus L.,Malvaceae Juss.,9,6,72,,,,
21,22,,Palma boba,Cyathea caracasana (Klotzsch) Domin,Cyatheaceae Kaulf.,3,0,42,,,,
21,23,,Palma boba,Cyathea caracasana (Klotzsch) Domin,Cyatheaceae Kaulf.,2.5,0,34,,,,
21,24,,Palma boba,Cyathea caracasana (Klotzsch) Domin,Cyatheaceae Kaulf.,2.8,0,34,,,,
21,25,,Balso,Heliocarpus americanus L.,Malvaceae Juss.,7,5,36,,,,
21,26,,Palma boba,Cyathea caracasana (Klotzsch) Domin,Cyatheaceae Kaulf.,3,0,34,,,,
21,27,,Palma boba,Cyathea caracasana (Klotzsch) Domin,Cyatheaceae Kaulf.,3,0,45,,,,
21,28,,Palma boba,Cyathea caracasana (Klotzsch) Domin,Cyatheaceae Kaulf.,6,0,100,,,,
21,29,,Balso,Heliocarpus americanus L.,Malvaceae Juss.,7,6,78,,,,
22,1,,Tuno negro,Miconia cundinamarcensis Wurdack,Melastomataceae Juss.,14,10,92,,,,
22,2,,Tuno negro,Miconia cundinamarcensis Wurdack,Melastomataceae Juss.,12,9,84,,,,
22,3,,Tuno negro,Miconia cundinamarcensis Wurdack,Melastomataceae Juss.,10,9,44,,,,
22,4,,Palma boba,Cyathea caracasana (Klotzsch) Domin,Cyatheaceae Kaulf.,6,0,38,,,,
22,5,,Tuno blanco,Miconia caudata (Bonpl.) DC,Melastomataceae Juss.,7,5,31.5,,,,
22,6,,Tuno negro,Miconia cundinamarcensis Wurdack,Melastomataceae Juss.,13,10,128,,,,
22,7,,Tuno rosado,Miconia Sp2.,Melastomataceae Juss.,8,6,39,,,,
22,8,,Tuno negro,Miconia cundinamarcensis Wurdack,Melastomataceae Juss.,9,5,48,,,,
22,9,,Tuno hoji ancho,Miconia Sp1.,Melastomataceae Juss.,5.1,5,41,,,,
22,10,,Tuno negro,Miconia cundinamarcensis Wurdack,Melastomataceae Juss.,6,5,42,,,,
22,11,,Tuno blanco,Miconia caudata (Bonpl.) DC,Melastomataceae Juss.,6,4,37,,,,
22,12,,Tuno negro,Miconia cundinamarcensis Wurdack,Melastomataceae Juss.,7,5,47,,,,
22,13,,Balso,Heliocarpus americanus L.,Malvaceae Juss.,8,6,59,,,,
22,14,,Tuno blanco,Miconia caudata (Bonpl.) DC,Melastomataceae Juss.,7,5,39,,,,
22,15,,Tuno blanco,Miconia caudata (Bonpl.) DC,Melastomataceae Juss.,8,7,46,,,,
22,16,,Tuno rosado,Miconia Sp2.,Melastomataceae Juss.,7,5,42,,,,
22,17,,Tuno rosado,Miconia Sp2.,Melastomataceae Juss.,5,3,41,,,,
22,18,,Tuno blanco,Miconia caudata (Bonpl.) DC,Melastomataceae Juss.,5,3,32,,,,
22,19,,Tuno niguito,Miconia spicellata Bonpl. ex Naudin,Melastomataceae Juss.,6,4,31.5,,,,
22,20,,Palma boba,Cyathea caracasana (Klotzsch) Domin,Cyatheaceae Kaulf.,4,0,53,,,,
22,21,,Tuno blanco,Miconia caudata (Bonpl.) DC,Melastomataceae Juss.,5,3,35,,,,
22,22,,Tuno negro,Miconia cundinamarcensis Wurdack,Melastomataceae Juss.,6,4,37,,,,
22,23,,Tuno blanco,Miconia caudata (Bonpl.) DC,Melastomataceae Juss.,6,4,32,,,,
22,24,,Tuno blanco,Miconia caudata (Bonpl.) DC,Melastomataceae Juss.,7,5,33,,,,
22,25,,Tuno niguito,Miconia spicellata Bonpl. ex Naudin,Melastomataceae Juss.,6.5,5,41,,,,
22,26,,Huesito,Palicourea apicata Kunth,Rubiaceae Juss.,6,4,61,,,,
22,27,,guacharaco,Cupania americana L.,Sapindaceae Juss.,7,5,35,,,,
22,28,,schefflera,Schefflera actinophylla (Endl.) Harms,Araliaceae Juss.,9,7,51,,,,
22,29,,Tuno blanco,Miconia caudata (Bonpl.) DC,Melastomataceae Juss.,9,8,55,,,,
22,30,,schefflera,Schefflera actinophylla (Endl.) Harms,Araliaceae Juss.,8,6,46,,,,
22,31,,Candelo,Hieronyma huilensis Cuatrec.,Phyllanthaceae Martinov,9,7,53,,,,
22,32,,Candelo,Hieronyma huilensis Cuatrec.,Phyllanthaceae Martinov,10,8,48,,,,
22,33,,Tuno,Bellucia grossularioides (L.) Triana,Melastomataceae Juss.,9,6,62,,,,
22,34,,Tuno,Bellucia grossularioides (L.) Triana,Melastomataceae Juss.,8,7,41,,,,
22,35,,Balso,Heliocarpus americanus L.,Malvaceae Juss.,9,6,46,43,,,
22,36,,Tuno niguito,Miconia spicellata Bonpl. ex Naudin,Melastomataceae Juss.,6,6,34.3,,,,
22,37,,Balso,Heliocarpus americanus L.,Malvaceae Juss.,8,6,38,,,,
22,38,,Balso,Heliocarpus americanus L.,Malvaceae Juss.,6,5,37,,,,
22,39,,Tuno niguito,Miconia spicellata Bonpl. ex Naudin,Melastomataceae Juss.,7,6,31.5,,,,
22,40,,Tuno,Bellucia grossularioides (L.) Triana,Melastomataceae Juss.,8,6,36,,,,
22,41,,Tuno rosado,Miconia Sp2.,Melastomataceae Juss.,6,4,32,,,,
22,42,,Tuno,Bellucia grossularioides (L.) Triana,Melastomataceae Juss.,9,6,36,,,,
22,43,,Tuno,Bellucia grossularioides (L.) Triana,Melastomataceae Juss.,8,7,41,,,,
22,44,,Tuno,Bellucia grossularioides (L.) Triana,Melastomataceae Juss.,7,6,39,,,,
22,45,,Tuno,Bellucia grossularioides (L.) Triana,Melastomataceae Juss.,8,7,44,,,,
22,46,,Tuno,Bellucia grossularioides (L.) Triana,Melastomataceae Juss.,14,12,84,,,,
22,47,,Tuno negro,Miconia cundinamarcensis Wurdack,Melastomataceae Juss.,9,7,54,,,,
22,48,,Tuno blanco,Miconia caudata (Bonpl.) DC,Melastomataceae Juss.,9,6,35,,,,
23,1,,Palma boba,Cyathea caracasana (Klotzsch) Domin,Cyatheaceae Kaulf.,6,0,44,,,,
23,2,,Palma boba,Cyathea caracasana (Klotzsch) Domin,Cyatheaceae Kaulf.,7,0,68,,,,
23,3,,Palma boba,Cyathea caracasana (Klotzsch) Domin,Cyatheaceae Kaulf.,4,0,42,,,,
23,4,,Palma boba,Cyathea caracasana (Klotzsch) Domin,Cyatheaceae Kaulf.,6,0,54,,,,
23,5,,Palma boba,Cyathea caracasana (Klotzsch) Domin,Cyatheaceae Kaulf.,7,0,56,,,,
23,6,,Laurel,Nectandra Sp1.,Lauraceae Juss.,13,11,99,,,,
23,7,,Palma boba,Cyathea caracasana (Klotzsch) Domin,Cyatheaceae Kaulf.,5,0,39,,,,
23,8,,Palma boba,Cyathea caracasana (Klotzsch) Domin,Cyatheaceae Kaulf.,6,0,43,,,,
23,9,,Palma boba,Cyathea caracasana (Klotzsch) Domin,Cyatheaceae Kaulf.,5,0,39,,,,
23,10,,Palma boba,Cyathea caracasana (Klotzsch) Domin,Cyatheaceae Kaulf.,4.7,0,31.5,,,,
23,11,,Palma boba,Cyathea caracasana (Klotzsch) Domin,Cyatheaceae Kaulf.,6,0,44,,,,
23,12,,Palma boba,Cyathea caracasana (Klotzsch) Domin,Cyatheaceae Kaulf.,5.7,0,50,,,,
23,13,,Laurel,Nectandra Sp1.,Lauraceae Juss.,7,5,50,,,,
23,14,,Palma boba,Cyathea caracasana (Klotzsch) Domin,Cyatheaceae Kaulf.,7,0,69,,,,
23,15,,Palma boba,Cyathea caracasana (Klotzsch) Domin,Cyatheaceae Kaulf.,3.2,0,35,,,,
23,16,,Palma boba,Cyathea caracasana (Klotzsch) Domin,Cyatheaceae Kaulf.,5,0,36,,,,
23,17,,Palma boba,Cyathea caracasana (Klotzsch) Domin,Cyatheaceae Kaulf.,5,0,33,,,,
23,18,,Palma boba,Cyathea caracasana (Klotzsch) Domin,Cyatheaceae Kaulf.,5.5,0,77,,,,
23,19,,Palma boba,Cyathea caracasana (Klotzsch) Domin,Cyatheaceae Kaulf.,3,0,36,,,,
23,20,,Palma boba,Cyathea caracasana (Klotzsch) Domin,Cyatheaceae Kaulf.,6,0,60,,,,
23,21,,Palma boba,Cyathea caracasana (Klotzsch) Domin,Cyatheaceae Kaulf.,5.7,0,42,,,,
23,22,,Palma boba,Cyathea caracasana (Klotzsch) Domin,Cyatheaceae Kaulf.,4,0,49,,,,
23,23,,Palma boba,Cyathea caracasana (Klotzsch) Domin,Cyatheaceae Kaulf.,3.8,0,45,,,,
23,24,,Palma boba,Cyathea caracasana (Klotzsch) Domin,Cyatheaceae Kaulf.,3,0,39,,,,
23,25,,Palma boba,Cyathea caracasana (Klotzsch) Domin,Cyatheaceae Kaulf.,2.5,0,32,,,,
23,26,,Palma boba,Cyathea caracasana (Klotzsch) Domin,Cyatheaceae Kaulf.,4,0,45,,,,
23,27,,Palma boba,Cyathea caracasana (Klotzsch) Domin,Cyatheaceae Kaulf.,1.9,0,38,,,,
23,28,,Tuno,Bellucia grossularioides (L.) Triana,Melastomataceae Juss.,6,4,32,,,,
23,29,,Palma boba,Cyathea caracasana (Klotzsch) Domin,Cyatheaceae Kaulf.,3,0,32,,,,
23,30,,Tuno,Bellucia grossularioides (L.) Triana,Melastomataceae Juss.,6,4,40,,,,
23,31,,Palma boba,Cyathea caracasana (Klotzsch) Domin,Cyatheaceae Kaulf.,2,0,39,,,,
23,32,,Palma boba,Cyathea caracasana (Klotzsch) Domin,Cyatheaceae Kaulf.,5,0,66,,,,
23,33,,Palma boba,Cyathea caracasana (Klotzsch) Domin,Cyatheaceae Kaulf.,6,0,33,,,,
23,34,,Palma boba,Cyathea caracasana (Klotzsch) Domin,Cyatheaceae Kaulf.,6,0,54,,,,
23,35,,Pomarroso,Syzygium jambos (L.) Alston,Myrtaceae Juss.,8,4,52,,,,
23,36,,Palma boba,Cyathea caracasana (Klotzsch) Domin,Cyatheaceae Kaulf.,1.8,0,41,,,,
23,37,,Palma boba,Cyathea caracasana (Klotzsch) Domin,Cyatheaceae Kaulf.,3,0,35,,,,
23,38,,Palma boba,Cyathea caracasana (Klotzsch) Domin,Cyatheaceae Kaulf.,5,0,53,,,,
23,39,,Palma boba,Cyathea caracasana (Klotzsch) Domin,Cyatheaceae Kaulf.,2,0,46,,,,
23,40,,Lacre,Vismia baccifera (L.) Planch. & Triana,Hypericaceae Juss.,11,9,136,,,,
23,41,,Palma boba,Cyathea caracasana (Klotzsch) Domin,Cyatheaceae Kaulf.,4,0,45,,,,
23,42,,Palma boba,Cyathea caracasana (Klotzsch) Domin,Cyatheaceae Kaulf.,4,0,35,,,,
23,43,,Palma boba,Cyathea caracasana (Klotzsch) Domin,Cyatheaceae Kaulf.,3,0,50,,,,
23,44,,Palma boba,Cyathea caracasana (Klotzsch) Domin,Cyatheaceae Kaulf.,2,0,40,,,,
23,45,,Palma boba,Cyathea caracasana (Klotzsch) Domin,Cyatheaceae Kaulf.,2,0,38,,,,
23,46,,Palma boba,Cyathea caracasana (Klotzsch) Domin,Cyatheaceae Kaulf.,1.9,0,34,,,,
23,47,,Palma boba,Cyathea caracasana (Klotzsch) Domin,Cyatheaceae Kaulf.,6,0,38,,,,
23,48,,Palma boba,Cyathea caracasana (Klotzsch) Domin,Cyatheaceae Kaulf.,6,0,88,,,,
23,49,,Palma boba,Cyathea caracasana (Klotzsch) Domin,Cyatheaceae Kaulf.,3,0,37,,,,
23,50,,Palma boba,Cyathea caracasana (Klotzsch) Domin,Cyatheaceae Kaulf.,2,0,38,,,,
23,51,,Palma boba,Cyathea caracasana (Klotzsch) Domin,Cyatheaceae Kaulf.,6,0,64,,,,
23,52,,Palma boba,Cyathea caracasana (Klotzsch) Domin,Cyatheaceae Kaulf.,2.3,0,41,,,,
24,1,,Cenizo,Piptocoma discolor (Kunth) Pruski,Asteraceae Giseke,8,6,59,,,,
24,2,,Balso,Heliocarpus americanus L.,Malvaceae Juss.,7,5,33,,,,
24,3,,Balso,Heliocarpus americanus L.,Malvaceae Juss.,6,4,43,,,,
24,4,,Cenizo,Piptocoma discolor (Kunth) Pruski,Asteraceae Giseke,8,6,63,,,,
24,5,,Laurel,Nectandra Sp1.,Lauraceae Juss.,7,6,39,,,,
24,6,,Tuno rosado,Miconia Sp2.,Melastomataceae Juss.,7,6,41,,,,
24,7,,Lacre,Vismia baccifera (L.) Planch. & Triana,Hypericaceae Juss.,9,7,75,,,,
24,8,,Lacre,Vismia baccifera (L.) Planch. & Triana,Hypericaceae Juss.,11,10,102,,,,
24,9,,Lacre,Vismia baccifera (L.) Planch. & Triana,Hypericaceae Juss.,13,10,99,,,,
24,10,,Palma boba,Cyathea caracasana (Klotzsch) Domin,Cyatheaceae Kaulf.,3,0,33,,,,
24,11,,Palma boba,Cyathea caracasana (Klotzsch) Domin,Cyatheaceae Kaulf.,4,0,36,,,,
24,12,,yarumo plateado,Cecropia telenitida Cuatrec.,Urticaceae Juss.,10,9,63,,,,
24,13,,Palma boba,Cyathea caracasana (Klotzsch) Domin,Cyatheaceae Kaulf.,4,0,49,,,,
24,14,,yarumo plateado,Cecropia telenitida Cuatrec.,Urticaceae Juss.,13,12,114,,,,
24,15,,Palma boba,Cyathea caracasana (Klotzsch) Domin,Cyatheaceae Kaulf.,3,0,45,,,,
24,16,,yarumo plateado,Cecropia telenitida Cuatrec.,Urticaceae Juss.,12,10,134,,,,
24,17,,Palma boba,Cyathea caracasana (Klotzsch) Domin,Cyatheaceae Kaulf.,6,0,95,,,,
24,18,,Balso,Heliocarpus americanus L.,Malvaceae Juss.,7,6,85,,,,
24,19,,Candelo,Hieronyma huilensis Cuatrec.,Phyllanthaceae Martinov,8,6,91,,,,
24,20,,Palma boba,Cyathea caracasana (Klotzsch) Domin,Cyatheaceae Kaulf.,4,0,48,,,,
24,21,,S12,SD12,SF12,9,7,63,,,,
24,22,,Granizo,Hedyosmum goudotianum Solms,Chloranthaceae R.Br. ex Sims,7.5,7,40,,,,
24,23,,Balso,Heliocarpus americanus L.,Malvaceae Juss.,6.5,6,49,,,,
24,24,,Sangregado,Croton smithianus Croizat,Euphorbiaceae Juss.,13,10,115,,,,
